datetime,open,high,low,close,volume
2019-12-31 15:00:00,131.69,131.83,131.52,131.52,1502.34485
2019-12-31 15:02:00,130.08,130.08,128.9,130.05,6879.33626
2019-12-31 15:03:00,129.98,131.13,129.97,130.77,2815.05339
2019-12-31 15:04:00,130.77,130.86,130.1,130.56,2028.89815
2019-12-31 15:05:00,130.56,130.79,130.19,130.67,1800.78668
2019-12-31 15:06:00,130.69,130.7,130.25,130.61,627.88684
2019-12-31 15:07:00,130.6,130.74,130.23,130.55,2012.17922
2019-12-31 15:08:00,130.53,130.71,130.33,130.5,392.18295
2019-12-31 15:09:00,130.5,130.68,130.5,130.63,385.6668
2019-12-31 15:10:00,130.61,130.66,130.28,130.32,1687.78386
2019-12-31 15:11:00,130.31,130.42,130.28,130.31,598.0632
2019-12-31 15:12:00,130.28,130.47,130.26,130.47,387.08233
2019-12-31 15:13:00,130.49,130.55,130.32,130.34,281.39677
2019-12-31 15:14:00,130.36,130.48,130.3,130.42,448.81459
2019-12-31 15:15:00,130.44,130.47,130.16,130.19,672.13051
2019-12-31 15:16:00,130.19,130.19,129.84,129.84,868.06555
2019-12-31 15:17:00,129.83,130.19,129.71,130.05,602.21422
2019-12-31 15:18:00,130.11,130.11,129.75,130.0,632.65033
2019-12-31 15:19:00,129.99,130.1,129.99,130.03,131.51662
2019-12-31 15:20:00,130.02,130.03,129.64,129.76,676.21726
2019-12-31 15:21:00,129.77,130.12,129.6,129.97,672.42512
2019-12-31 15:22:00,129.99,130.4,129.94,130.28,612.97394
2019-12-31 15:23:00,130.3,130.36,130.17,130.27,143.81302
2019-12-31 15:24:00,130.3,130.38,130.26,130.36,92.10972
2019-12-31 15:25:00,130.35,130.35,129.92,130.02,707.23017
2019-12-31 15:26:00,130.03,130.26,129.99,130.1,254.53986
2019-12-31 15:27:00,130.13,130.3,130.13,130.26,116.07396
2019-12-31 15:28:00,130.26,130.55,130.23,130.48,238.3557
2019-12-31 15:29:00,130.47,130.48,130.19,130.36,341.31707
2019-12-31 15:30:00,130.33,130.4,130.04,130.2,301.36937
2019-12-31 15:31:00,130.24,130.31,130.21,130.31,71.32583
2019-12-31 15:32:00,130.27,130.45,130.26,130.43,107.44356
2019-12-31 15:33:00,130.45,130.61,130.41,130.57,473.32272
2019-12-31 15:34:00,130.57,130.66,130.53,130.6,317.31116
2019-12-31 15:35:00,130.6,130.6,130.21,130.34,923.88995
2019-12-31 15:36:00,130.31,130.31,130.04,130.22,736.09208
2019-12-31 15:37:00,130.24,130.31,130.02,130.25,205.10332
2019-12-31 15:38:00,130.29,130.37,130.14,130.37,146.45422
2019-12-31 15:39:00,130.35,130.53,130.25,130.38,451.84149
2019-12-31 15:40:00,130.37,130.5,130.22,130.3,194.57791
2019-12-31 15:41:00,130.26,130.3,130.15,130.23,45.23182
2019-12-31 15:42:00,130.24,130.28,130.13,130.13,48.12066
2019-12-31 15:43:00,130.13,130.25,130.13,130.22,32.5633
2019-12-31 15:44:00,130.25,130.34,130.15,130.31,542.772
2019-12-31 15:45:00,130.3,130.31,130.05,130.05,126.71748
2019-12-31 15:46:00,130.1,130.34,130.1,130.22,274.90411
2019-12-31 15:47:00,130.22,130.23,129.86,129.99,855.55027
2019-12-31 15:48:00,129.99,130.07,129.97,130.03,211.53099
2019-12-31 15:49:00,130.0,130.08,129.75,129.85,1406.48062
2019-12-31 15:50:00,129.85,130.11,129.76,130.05,229.30268
2019-12-31 15:51:00,130.06,130.06,129.82,129.89,527.47217
2019-12-31 15:52:00,129.85,129.92,129.76,129.9,207.8353
2019-12-31 15:53:00,129.89,130.11,129.82,129.85,285.24292
2019-12-31 15:54:00,129.85,129.95,129.81,129.84,158.82305
2019-12-31 15:55:00,129.87,129.97,129.63,129.83,214.9471
2019-12-31 15:56:00,129.79,130.01,129.77,129.98,517.03869
2019-12-31 15:57:00,129.98,130.02,129.94,129.98,171.89309
2019-12-31 15:58:00,129.92,129.93,129.61,129.77,633.09443
2019-12-31 15:59:00,129.75,129.81,129.73,129.73,38.28698
2019-12-31 16:00:00,129.71,129.8,129.2,129.8,1423.16105
2019-12-31 16:01:00,129.82,130.44,129.78,130.44,1503.61813
2019-12-31 16:02:00,130.42,130.51,130.19,130.37,723.66639
2019-12-31 16:03:00,130.35,130.44,130.11,130.24,336.30679
2019-12-31 16:04:00,130.24,130.24,129.87,130.03,649.12892
2019-12-31 16:05:00,130.03,130.34,130.02,130.25,313.36252
2019-12-31 16:06:00,130.26,130.3,130.16,130.25,112.06674
2019-12-31 16:07:00,130.28,130.29,130.12,130.21,131.32506
2019-12-31 16:08:00,130.17,130.27,129.97,130.0,129.08699
2019-12-31 16:09:00,130.04,130.32,130.04,130.29,98.8051
2019-12-31 16:10:00,130.27,130.27,130.03,130.08,138.85122
2019-12-31 16:11:00,130.06,130.16,129.91,130.08,346.43993
2019-12-31 16:12:00,130.03,130.1,129.89,130.03,991.49298
2019-12-31 16:13:00,130.01,130.2,129.86,129.88,415.10278
2019-12-31 16:14:00,129.87,129.94,129.84,129.87,145.431
2019-12-31 16:15:00,129.89,130.13,129.63,130.05,769.14717
2019-12-31 16:16:00,130.05,130.05,129.79,129.96,185.06512
2019-12-31 16:17:00,129.96,129.96,129.79,129.92,552.35278
2019-12-31 16:18:00,129.94,130.08,129.92,129.98,137.70876
2019-12-31 16:19:00,129.93,130.31,129.85,130.26,475.07001
2019-12-31 16:20:00,130.28,130.33,130.16,130.26,72.30909
2019-12-31 16:21:00,130.23,130.34,130.21,130.33,107.76449
2019-12-31 16:22:00,130.29,130.29,130.08,130.13,319.93984
2019-12-31 16:23:00,130.15,130.33,130.15,130.23,52.942
2019-12-31 16:24:00,130.23,130.23,130.12,130.15,7.46422
2019-12-31 16:25:00,130.15,130.15,130.09,130.14,24.28696
2019-12-31 16:26:00,130.1,130.33,130.1,130.22,98.37649
2019-12-31 16:27:00,130.25,130.26,130.1,130.12,99.59075
2019-12-31 16:28:00,130.1,130.12,130.06,130.1,23.47804
2019-12-31 16:29:00,130.12,130.2,130.02,130.16,125.04714
2019-12-31 16:30:00,130.15,130.34,130.15,130.31,176.59918
2019-12-31 16:31:00,130.31,130.36,130.28,130.32,77.19066
2019-12-31 16:32:00,130.27,130.27,130.17,130.24,66.76162
2019-12-31 16:33:00,130.2,130.29,130.18,130.28,14.04553
2019-12-31 16:34:00,130.26,130.47,130.26,130.38,174.47617
2019-12-31 16:35:00,130.35,130.38,130.31,130.36,7.09451
2019-12-31 16:36:00,130.37,130.37,130.06,130.06,342.94674
2019-12-31 16:37:00,130.07,130.24,130.03,130.15,54.25929
2019-12-31 16:38:00,130.15,130.34,130.15,130.15,76.68816
2019-12-31 16:39:00,130.15,130.16,130.05,130.11,49.10508
2019-12-31 16:40:00,130.09,130.38,130.08,130.13,232.59034
2019-12-31 16:41:00,130.16,130.21,130.07,130.16,71.53977
2019-12-31 16:42:00,130.16,130.34,130.05,130.32,230.09126
2019-12-31 16:43:00,130.32,130.33,130.15,130.22,69.44302
2019-12-31 16:44:00,130.23,130.24,130.14,130.22,42.28689
2019-12-31 16:45:00,130.26,130.27,130.14,130.18,77.91579
2019-12-31 16:46:00,130.18,130.27,130.14,130.24,50.24175
2019-12-31 16:47:00,130.2,130.24,130.19,130.23,2.15434
2019-12-31 16:48:00,130.23,130.29,130.2,130.26,20.65736
2019-12-31 16:49:00,130.26,130.28,130.06,130.13,198.91791
2019-12-31 16:50:00,130.13,130.24,130.12,130.21,37.72067
2019-12-31 16:51:00,130.2,130.21,130.15,130.19,22.30559
2019-12-31 16:52:00,130.19,130.2,130.16,130.16,18.51129
2019-12-31 16:53:00,130.16,130.22,130.16,130.2,18.76301
2019-12-31 16:54:00,130.17,130.25,130.17,130.2,41.77932
2019-12-31 16:55:00,130.24,130.24,130.2,130.22,23.74293
2019-12-31 16:56:00,130.2,130.23,130.09,130.16,59.21005
2019-12-31 16:57:00,130.15,130.17,130.15,130.16,20.28356
2019-12-31 16:58:00,130.17,130.17,130.05,130.13,142.5771
2019-12-31 16:59:00,130.13,130.18,130.06,130.07,79.11279
2019-12-31 17:00:00,130.07,130.07,129.91,129.97,220.61947
2019-12-31 17:01:00,129.98,129.98,129.88,129.92,80.51712
2019-12-31 17:02:00,129.9,129.97,129.9,129.91,38.75837
2019-12-31 17:03:00,129.91,129.92,129.9,129.9,5.22003
2019-12-31 17:04:00,129.91,129.93,129.87,129.88,21.79828
2019-12-31 17:05:00,129.87,129.95,129.85,129.86,194.48841
2019-12-31 17:06:00,129.91,129.96,129.82,129.96,141.4474
2019-12-31 17:07:00,129.93,129.97,129.91,129.96,72.53834
2019-12-31 17:08:00,129.97,129.97,129.81,129.85,168.90166
2019-12-31 17:09:00,129.86,129.96,129.85,129.88,125.43703
2019-12-31 17:10:00,129.91,129.91,129.83,129.86,122.90826
2019-12-31 17:11:00,129.89,129.92,129.78,129.81,299.0546
2019-12-31 17:12:00,129.85,130.07,129.83,129.97,204.74092
2019-12-31 17:13:00,129.99,130.07,129.76,129.89,252.11049
2019-12-31 17:14:00,129.89,129.92,129.87,129.87,40.48705
2019-12-31 17:15:00,129.85,129.96,129.7,129.87,464.51905
2019-12-31 17:16:00,129.85,129.92,129.83,129.83,204.06791
2019-12-31 17:17:00,129.82,129.98,129.8,129.96,158.54272
2019-12-31 17:18:00,129.94,129.94,129.87,129.92,52.83653
2019-12-31 17:19:00,129.9,129.99,129.89,129.99,64.5033
2019-12-31 17:20:00,129.94,130.13,129.94,129.98,393.95236
2019-12-31 17:21:00,130.0,130.01,129.79,129.79,420.10521
2019-12-31 17:22:00,129.8,129.87,129.79,129.83,30.01726
2019-12-31 17:23:00,129.84,129.89,129.8,129.89,31.81663
2019-12-31 17:24:00,129.93,129.98,129.87,129.87,63.42073
2019-12-31 17:25:00,129.87,129.88,129.86,129.86,13.29663
2019-12-31 17:26:00,129.86,129.86,129.7,129.73,107.24602
2019-12-31 17:27:00,129.73,129.78,129.73,129.78,32.13191
2019-12-31 17:28:00,129.77,129.82,129.75,129.75,17.18424
2019-12-31 17:29:00,129.76,129.78,129.75,129.75,110.22649
2019-12-31 17:30:00,129.76,129.88,129.75,129.84,78.33701
2019-12-31 17:31:00,129.83,129.84,129.76,129.76,15.57738
2019-12-31 17:32:00,129.76,129.76,129.45,129.47,460.91666
2019-12-31 17:33:00,129.48,129.68,129.45,129.62,172.03577
2019-12-31 17:34:00,129.62,129.63,129.53,129.57,73.56403
2019-12-31 17:35:00,129.53,129.65,129.51,129.58,114.8029
2019-12-31 17:36:00,129.59,129.59,129.34,129.41,228.79651
2019-12-31 17:37:00,129.42,129.52,129.29,129.39,196.21033
2019-12-31 17:38:00,129.38,129.44,129.24,129.24,218.96723
2019-12-31 17:39:00,129.24,129.33,128.94,129.33,952.34162
2019-12-31 17:40:00,129.33,129.4,129.08,129.4,550.02195
2019-12-31 17:41:00,129.35,129.39,129.15,129.33,572.85428
2019-12-31 17:42:00,129.33,129.33,129.17,129.25,357.25096
2019-12-31 17:43:00,129.25,129.25,129.11,129.2,247.36921
2019-12-31 17:44:00,129.19,129.19,129.06,129.13,172.90429
2019-12-31 17:45:00,129.13,129.13,128.95,128.96,638.56811
2019-12-31 17:46:00,128.99,129.02,128.85,129.02,1490.67971
2019-12-31 17:47:00,128.98,129.02,128.76,128.95,1557.48246
2019-12-31 17:48:00,128.97,129.03,128.77,128.81,1455.48709
2019-12-31 17:49:00,128.93,129.07,128.89,129.05,276.21135
2019-12-31 17:50:00,129.04,129.05,128.75,128.82,1009.32461
2019-12-31 17:51:00,128.82,129.11,128.82,129.07,479.53224
2019-12-31 17:52:00,129.08,129.29,129.08,129.25,538.61124
2019-12-31 17:53:00,129.27,129.47,129.08,129.11,504.38925
2019-12-31 17:54:00,129.15,129.55,129.12,129.34,600.07811
2019-12-31 17:55:00,129.32,129.49,129.2,129.47,685.68789
2019-12-31 17:56:00,129.47,129.58,129.29,129.3,320.77086
2019-12-31 17:57:00,129.28,129.54,129.28,129.43,313.14294
2019-12-31 17:58:00,129.43,129.5,129.39,129.41,93.97882
2019-12-31 17:59:00,129.38,129.46,129.31,129.32,47.57062
2019-12-31 18:00:00,129.38,129.38,129.24,129.27,88.85027
2019-12-31 18:01:00,129.28,129.28,129.01,129.15,208.44029
2019-12-31 18:02:00,129.21,129.34,129.1,129.3,76.43788
2019-12-31 18:03:00,129.32,129.4,129.01,129.15,351.72337
2019-12-31 18:04:00,129.16,129.17,129.04,129.17,104.02123
2019-12-31 18:05:00,129.17,129.44,129.11,129.4,151.86899
2019-12-31 18:06:00,129.31,129.31,129.07,129.13,411.87156
2019-12-31 18:07:00,129.09,129.46,129.09,129.44,243.11756
2019-12-31 18:08:00,129.44,129.55,129.35,129.47,269.05036
2019-12-31 18:09:00,129.46,129.47,129.24,129.4,129.94309
2019-12-31 18:10:00,129.37,129.44,129.37,129.41,37.8252
2019-12-31 18:11:00,129.4,129.63,129.4,129.45,252.90913
2019-12-31 18:12:00,129.47,129.52,129.45,129.5,58.0281
2019-12-31 18:13:00,129.48,129.63,129.48,129.61,131.982
2019-12-31 18:14:00,129.58,129.74,129.58,129.72,86.82216
2019-12-31 18:15:00,129.74,129.75,129.56,129.56,218.15922
2019-12-31 18:16:00,129.56,129.67,129.44,129.56,236.22125
2019-12-31 18:17:00,129.53,129.63,129.39,129.61,117.6477
2019-12-31 18:18:00,129.58,129.67,129.58,129.67,38.8927
2019-12-31 18:19:00,129.67,129.67,129.58,129.58,45.83603
2019-12-31 18:20:00,129.56,129.57,129.51,129.54,10.14167
2019-12-31 18:21:00,129.54,129.61,129.5,129.61,44.46879
2019-12-31 18:22:00,129.61,129.76,129.59,129.6,101.10776
2019-12-31 18:23:00,129.64,129.65,129.51,129.51,40.51939
2019-12-31 18:24:00,129.55,129.63,129.49,129.56,64.023
2019-12-31 18:25:00,129.56,129.95,129.56,129.93,350.02313
2019-12-31 18:26:00,129.93,129.99,129.88,129.93,188.4108
2019-12-31 18:27:00,129.91,129.97,129.77,129.79,111.88237
2019-12-31 18:28:00,129.79,129.95,129.79,129.95,306.14635
2019-12-31 18:29:00,129.93,130.09,129.88,130.09,284.03166
2019-12-31 18:30:00,130.03,130.09,129.86,129.92,87.69892
2019-12-31 18:31:00,129.9,129.91,129.75,129.81,149.6138
2019-12-31 18:32:00,129.75,129.75,129.68,129.69,127.20334
2019-12-31 18:33:00,129.69,129.7,129.62,129.64,37.67167
2019-12-31 18:34:00,129.64,129.81,129.64,129.77,48.09249
2019-12-31 18:35:00,129.78,129.81,129.71,129.79,109.08033
2019-12-31 18:36:00,129.75,129.82,129.73,129.8,155.90601
2019-12-31 18:37:00,129.72,129.72,129.67,129.67,15.22212
2019-12-31 18:38:00,129.66,129.66,129.54,129.6,8.29204
2019-12-31 18:39:00,129.6,129.69,129.55,129.68,40.46911
2019-12-31 18:40:00,129.68,129.69,129.6,129.6,40.3638
2019-12-31 18:41:00,129.63,129.66,129.52,129.54,43.27447
2019-12-31 18:42:00,129.56,129.69,129.56,129.63,118.68516
2019-12-31 18:43:00,129.6,129.64,129.53,129.62,71.60795
2019-12-31 18:44:00,129.63,129.64,129.51,129.52,112.34643
2019-12-31 18:45:00,129.58,129.61,129.55,129.6,13.46883
2019-12-31 18:46:00,129.56,129.66,129.46,129.46,133.89948
2019-12-31 18:47:00,129.49,129.54,129.47,129.47,90.37668
2019-12-31 18:48:00,129.47,129.47,129.29,129.34,190.70816
2019-12-31 18:49:00,129.35,129.58,129.34,129.57,147.92141
2019-12-31 18:50:00,129.59,129.59,129.3,129.36,219.85309
2019-12-31 18:51:00,129.38,129.44,129.3,129.33,53.75484
2019-12-31 18:52:00,129.34,129.41,129.3,129.33,105.232
2019-12-31 18:53:00,129.33,129.38,129.33,129.36,15.78079
2019-12-31 18:54:00,129.35,129.54,129.32,129.33,216.75181
2019-12-31 18:55:00,129.33,129.41,129.32,129.38,23.47983
2019-12-31 18:56:00,129.39,129.47,129.35,129.4,64.3678
2019-12-31 18:57:00,129.4,129.41,129.32,129.33,10.78124
2019-12-31 18:58:00,129.37,129.4,129.32,129.37,13.82347
2019-12-31 18:59:00,129.37,129.42,129.37,129.42,4.16934
2019-12-31 19:00:00,129.38,129.38,129.25,129.29,195.54392
2019-12-31 19:01:00,129.29,129.3,128.78,128.89,1215.16835
2019-12-31 19:02:00,128.89,129.12,128.83,128.92,268.11141
2019-12-31 19:03:00,128.91,128.93,128.85,128.92,152.74716
2019-12-31 19:04:00,128.91,129.05,128.91,128.96,266.86327
2019-12-31 19:05:00,128.96,129.0,128.79,128.79,615.68019
2019-12-31 19:06:00,128.83,128.93,128.79,128.88,113.12984
2019-12-31 19:07:00,128.87,128.88,128.79,128.82,92.18797
2019-12-31 19:08:00,128.82,128.94,128.8,128.91,175.27963
2019-12-31 19:09:00,128.9,128.93,128.84,128.85,69.75301
2019-12-31 19:10:00,128.84,128.84,128.65,128.71,328.329
2019-12-31 19:11:00,128.7,128.74,128.63,128.66,178.18956
2019-12-31 19:12:00,128.67,128.69,128.6,128.61,162.58977
2019-12-31 19:13:00,128.62,128.62,128.58,128.61,42.33518
2019-12-31 19:14:00,128.61,128.65,128.6,128.61,67.81907
2019-12-31 19:15:00,128.61,128.87,128.51,128.78,467.7904
2019-12-31 19:16:00,128.8,128.9,128.71,128.82,419.33479
2019-12-31 19:17:00,128.81,128.86,128.75,128.76,95.17335
2019-12-31 19:18:00,128.76,128.83,128.7,128.82,105.235
2019-12-31 19:19:00,128.78,128.83,128.74,128.75,25.01377
2019-12-31 19:20:00,128.75,128.8,128.67,128.67,13.78915
2019-12-31 19:21:00,128.67,128.8,128.67,128.77,63.2891
2019-12-31 19:22:00,128.77,128.8,128.63,128.71,459.84972
2019-12-31 19:23:00,128.71,128.79,128.62,128.67,513.79527
2019-12-31 19:24:00,128.71,128.75,128.66,128.67,105.03985
2019-12-31 19:25:00,128.67,128.76,128.66,128.76,111.92956
2019-12-31 19:26:00,128.76,128.84,128.71,128.84,94.01372
2019-12-31 19:27:00,128.84,128.86,128.76,128.86,162.65263
2019-12-31 19:28:00,128.82,129.07,128.82,128.98,228.92751
2019-12-31 19:29:00,129.01,129.01,128.52,128.62,986.68517
2019-12-31 19:30:00,128.62,128.62,128.42,128.45,263.90645
2019-12-31 19:31:00,128.46,128.81,128.46,128.81,752.04121
2019-12-31 19:32:00,128.83,128.85,128.62,128.7,221.15279
2019-12-31 19:33:00,128.75,128.79,128.66,128.7,82.61495
2019-12-31 19:34:00,128.7,128.78,128.6,128.78,51.46394
2019-12-31 19:35:00,128.8,128.85,128.75,128.76,468.55074
2019-12-31 19:36:00,128.76,128.84,128.72,128.76,171.49175
2019-12-31 19:37:00,128.76,128.78,128.75,128.75,9.27825
2019-12-31 19:38:00,128.75,128.76,128.68,128.75,87.79536
2019-12-31 19:39:00,128.75,128.8,128.68,128.7,37.09397
2019-12-31 19:40:00,128.7,128.72,128.64,128.65,100.47745
2019-12-31 19:41:00,128.65,128.65,128.56,128.61,140.4354
2019-12-31 19:42:00,128.56,128.68,128.55,128.63,21.76496
2019-12-31 19:43:00,128.62,128.67,128.57,128.57,12.01938
2019-12-31 19:44:00,128.56,128.69,128.56,128.62,120.29951
2019-12-31 19:45:00,128.62,128.64,128.6,128.6,11.97008
2019-12-31 19:46:00,128.6,128.88,128.57,128.8,107.20141
2019-12-31 19:47:00,128.8,128.9,128.73,128.9,148.55195
2019-12-31 19:48:00,128.89,128.9,128.82,128.85,65.93744
2019-12-31 19:49:00,128.86,129.0,128.86,128.97,118.55761
2019-12-31 19:50:00,128.95,128.99,128.88,128.91,69.1689
2019-12-31 19:51:00,128.88,128.95,128.85,128.95,36.54162
2019-12-31 19:52:00,129.0,129.0,128.82,128.82,41.11515
2019-12-31 19:53:00,128.84,128.85,128.72,128.75,58.39167
2019-12-31 19:54:00,128.72,128.8,128.72,128.72,221.23053
2019-12-31 19:55:00,128.69,128.73,128.51,128.51,591.64462
2019-12-31 19:56:00,128.51,128.53,128.46,128.46,160.81633
2019-12-31 19:57:00,128.48,128.55,128.48,128.51,76.0793
2019-12-31 19:58:00,128.51,128.59,128.49,128.52,115.8601
2019-12-31 19:59:00,128.51,128.51,128.47,128.49,53.36502
2019-12-31 20:00:00,128.47,128.47,128.33,128.44,202.15584
2019-12-31 20:01:00,128.4,128.45,128.24,128.3,445.38097
2019-12-31 20:02:00,128.36,128.42,128.31,128.42,48.19419
2019-12-31 20:03:00,128.42,128.43,128.34,128.4,89.17363
2019-12-31 20:04:00,128.38,128.44,128.34,128.44,139.64233
2019-12-31 20:05:00,128.45,128.72,128.4,128.68,219.83001
2019-12-31 20:06:00,128.69,128.7,128.44,128.45,34.43524
2019-12-31 20:07:00,128.45,128.6,128.42,128.51,44.63208
2019-12-31 20:08:00,128.51,128.72,128.51,128.63,67.68482
2019-12-31 20:09:00,128.58,128.61,128.56,128.58,15.64524
2019-12-31 20:10:00,128.58,128.6,128.57,128.57,20.88818
2019-12-31 20:11:00,128.57,128.61,128.48,128.49,88.88338
2019-12-31 20:12:00,128.49,128.56,128.49,128.52,7.07384
2019-12-31 20:13:00,128.48,128.7,128.48,128.64,51.2313
2019-12-31 20:14:00,128.64,128.71,128.54,128.54,28.98307
2019-12-31 20:15:00,128.58,128.7,128.54,128.66,52.39843
2019-12-31 20:16:00,128.64,128.76,128.59,128.76,134.56529
2019-12-31 20:17:00,128.77,128.84,128.75,128.75,31.56836
2019-12-31 20:18:00,128.75,128.79,128.7,128.7,86.96506
2019-12-31 20:19:00,128.73,128.79,128.48,128.64,138.86182
2019-12-31 20:20:00,128.61,128.68,128.6,128.65,8.94322
2019-12-31 20:21:00,128.65,128.65,128.58,128.59,13.12891
2019-12-31 20:22:00,128.57,128.61,128.57,128.58,30.12441
2019-12-31 20:23:00,128.58,128.64,128.57,128.61,16.84318
2019-12-31 20:24:00,128.65,128.71,128.62,128.65,32.57058
2019-12-31 20:25:00,128.65,128.67,128.56,128.56,6.06045
2019-12-31 20:26:00,128.55,128.59,128.52,128.54,211.69438
2019-12-31 20:27:00,128.56,128.57,128.51,128.51,148.5547
2019-12-31 20:28:00,128.51,128.51,128.35,128.47,88.97348
2019-12-31 20:29:00,128.42,128.65,128.42,128.65,179.21411
2019-12-31 20:30:00,128.65,128.68,128.57,128.64,36.07446
2019-12-31 20:31:00,128.64,128.64,128.54,128.54,17.01399
2019-12-31 20:32:00,128.59,128.6,128.53,128.55,20.39112
2019-12-31 20:33:00,128.53,128.57,128.5,128.54,39.43104
2019-12-31 20:34:00,128.53,128.53,128.5,128.51,7.97969
2019-12-31 20:35:00,128.5,128.6,128.5,128.55,206.52708
2019-12-31 20:36:00,128.6,128.62,128.55,128.55,7.33424
2019-12-31 20:37:00,128.56,128.56,128.5,128.5,251.31042
2019-12-31 20:38:00,128.5,128.68,128.5,128.67,340.35476
2019-12-31 20:39:00,128.68,128.7,128.6,128.67,122.80563
2019-12-31 20:40:00,128.66,128.96,128.62,128.77,375.83559
2019-12-31 20:41:00,128.77,128.88,128.68,128.78,156.95892
2019-12-31 20:42:00,128.74,128.77,128.5,128.53,168.74132
2019-12-31 20:43:00,128.52,128.61,128.49,128.6,73.25403
2019-12-31 20:44:00,128.55,128.63,128.39,128.46,109.85547
2019-12-31 20:45:00,128.5,128.59,128.5,128.54,33.51871
2019-12-31 20:46:00,128.54,128.56,128.5,128.5,63.70558
2019-12-31 20:47:00,128.5,128.5,128.33,128.42,76.50382
2019-12-31 20:48:00,128.41,128.44,128.39,128.4,41.88627
2019-12-31 20:49:00,128.4,128.42,128.37,128.41,9.19333
2019-12-31 20:50:00,128.39,128.42,128.22,128.36,116.89443
2019-12-31 20:51:00,128.36,128.39,128.32,128.34,61.97661
2019-12-31 20:52:00,128.34,128.4,128.34,128.35,29.67669
2019-12-31 20:53:00,128.35,128.4,128.17,128.24,168.76712
2019-12-31 20:54:00,128.23,128.29,128.22,128.25,10.18457
2019-12-31 20:55:00,128.28,128.28,128.23,128.27,9.13315
2019-12-31 20:56:00,128.24,128.32,128.24,128.3,3.94842
2019-12-31 20:57:00,128.33,128.35,128.28,128.3,18.18512
2019-12-31 20:58:00,128.35,128.44,128.29,128.41,79.50024
2019-12-31 20:59:00,128.41,128.43,128.39,128.39,23.86934
2019-12-31 21:00:00,128.41,128.41,128.27,128.3,63.17185
2019-12-31 21:01:00,128.3,128.31,128.29,128.31,10.33989
2019-12-31 21:02:00,128.29,128.31,128.28,128.28,15.1192
2019-12-31 21:03:00,128.28,128.3,128.28,128.28,5.04823
2019-12-31 21:04:00,128.28,128.54,128.28,128.5,97.73401
2019-12-31 21:05:00,128.49,128.49,128.29,128.31,28.62062
2019-12-31 21:06:00,128.33,128.37,128.29,128.37,26.03166
2019-12-31 21:07:00,128.37,128.4,128.32,128.4,22.3188
2019-12-31 21:08:00,128.33,128.4,128.32,128.39,4.61305
2019-12-31 21:09:00,128.33,128.69,128.33,128.67,158.04863
2019-12-31 21:10:00,128.67,128.76,128.6,128.69,317.90922
2019-12-31 21:11:00,128.69,128.72,128.45,128.69,46.59125
2019-12-31 21:12:00,128.66,128.69,128.53,128.6,45.78339
2019-12-31 21:13:00,128.61,128.67,128.5,128.67,21.08296
2019-12-31 21:14:00,128.65,128.78,128.65,128.69,53.84073
2019-12-31 21:15:00,128.69,128.74,128.46,128.55,209.05026
2019-12-31 21:16:00,128.55,128.71,128.55,128.61,31.11427
2019-12-31 21:17:00,128.64,128.73,128.6,128.68,13.45035
2019-12-31 21:18:00,128.67,128.71,128.61,128.62,13.12136
2019-12-31 21:19:00,128.62,128.7,128.61,128.7,11.26711
2019-12-31 21:20:00,128.7,128.7,128.64,128.64,27.83276
2019-12-31 21:21:00,128.65,128.67,128.6,128.64,45.67509
2019-12-31 21:22:00,128.67,128.8,128.63,128.74,94.80403
2019-12-31 21:23:00,128.72,128.73,128.6,128.62,116.61671
2019-12-31 21:24:00,128.62,128.76,128.61,128.76,22.43387
2019-12-31 21:25:00,128.76,128.88,128.76,128.8,441.39386
2019-12-31 21:26:00,128.79,128.89,128.78,128.87,62.33862
2019-12-31 21:27:00,128.88,129.0,128.8,128.8,300.79599
2019-12-31 21:28:00,128.81,128.82,128.73,128.75,41.93509
2019-12-31 21:29:00,128.78,128.8,128.74,128.76,14.12413
2019-12-31 21:30:00,128.79,128.82,128.73,128.73,19.77153
2019-12-31 21:31:00,128.75,128.88,128.74,128.79,317.69324
2019-12-31 21:32:00,128.82,128.88,128.76,128.8,58.3813
2019-12-31 21:33:00,128.79,128.8,128.76,128.79,21.65733
2019-12-31 21:34:00,128.8,128.8,128.66,128.73,33.50583
2019-12-31 21:35:00,128.74,128.82,128.7,128.77,43.74421
2019-12-31 21:36:00,128.77,128.93,128.77,128.9,23.57977
2019-12-31 21:37:00,128.92,129.0,128.9,128.9,201.6668
2019-12-31 21:38:00,128.93,129.06,128.91,128.98,312.01284
2019-12-31 21:39:00,128.97,128.99,128.82,128.89,87.4224
2019-12-31 21:40:00,128.91,128.97,128.91,128.95,11.14847
2019-12-31 21:41:00,128.95,129.06,128.95,129.0,206.06866
2019-12-31 21:42:00,129.0,129.07,128.99,129.02,75.54339
2019-12-31 21:43:00,129.01,129.02,128.96,129.0,48.04588
2019-12-31 21:44:00,128.99,129.11,128.99,129.08,44.98516
2019-12-31 21:45:00,129.08,129.11,129.04,129.06,59.12257
2019-12-31 21:46:00,129.09,129.1,129.03,129.04,29.78882
2019-12-31 21:47:00,129.03,129.06,129.01,129.01,21.39035
2019-12-31 21:48:00,129.01,129.08,129.01,129.07,20.13407
2019-12-31 21:49:00,129.04,129.07,129.0,129.01,9.64663
2019-12-31 21:50:00,129.03,129.03,128.92,128.92,90.73017
2019-12-31 21:51:00,128.9,129.0,128.9,128.95,11.9497
2019-12-31 21:52:00,128.95,129.0,128.94,128.96,138.68269
2019-12-31 21:53:00,129.0,129.0,128.95,128.97,22.89431
2019-12-31 21:54:00,128.96,129.0,128.95,129.0,4.03333
2019-12-31 21:55:00,128.96,129.02,128.96,129.02,24.9004
2019-12-31 21:56:00,129.01,129.01,129.0,129.01,92.46743
2019-12-31 21:57:00,129.01,129.01,129.0,129.0,4.11025
2019-12-31 21:58:00,129.0,129.01,129.0,129.0,57.40348
2019-12-31 21:59:00,129.0,129.07,128.91,128.91,215.01397
2019-12-31 22:00:00,128.88,128.89,128.73,128.88,324.93008
2019-12-31 22:01:00,128.85,128.9,128.85,128.88,1.63889
2019-12-31 22:02:00,128.88,128.89,128.87,128.88,9.37635
2019-12-31 22:03:00,128.88,128.97,128.88,128.96,9.88895
2019-12-31 22:04:00,128.98,129.02,128.94,128.97,117.19148
2019-12-31 22:05:00,128.97,129.01,128.78,128.78,95.3899
2019-12-31 22:06:00,128.78,128.82,128.73,128.73,14.86334
2019-12-31 22:07:00,128.73,128.9,128.73,128.86,27.21055
2019-12-31 22:08:00,128.86,128.98,128.86,128.98,24.07205
2019-12-31 22:09:00,128.95,128.95,128.8,128.91,48.56559
2019-12-31 22:10:00,128.87,128.92,128.87,128.9,13.97969
2019-12-31 22:11:00,128.93,128.96,128.93,128.93,22.72268
2019-12-31 22:12:00,128.96,128.96,128.87,128.88,95.45491
2019-12-31 22:13:00,128.88,128.9,128.85,128.88,35.59246
2019-12-31 22:14:00,128.87,128.87,128.77,128.83,56.63815
2019-12-31 22:15:00,128.83,128.84,128.74,128.79,3.79499
2019-12-31 22:16:00,128.77,128.84,128.77,128.81,11.44584
2019-12-31 22:17:00,128.81,128.88,128.81,128.87,16.70547
2019-12-31 22:18:00,128.87,128.89,128.75,128.81,83.12409
2019-12-31 22:19:00,128.82,128.86,128.76,128.81,68.10713
2019-12-31 22:20:00,128.8,128.84,128.71,128.78,101.68847
2019-12-31 22:21:00,128.74,128.78,128.52,128.67,944.83351
2019-12-31 22:22:00,128.63,128.68,128.63,128.63,51.76632
2019-12-31 22:23:00,128.62,128.67,128.5,128.61,430.57268
2019-12-31 22:24:00,128.61,128.62,128.51,128.58,83.22509
2019-12-31 22:25:00,128.58,128.61,128.51,128.55,101.60726
2019-12-31 22:26:00,128.54,128.63,128.54,128.61,84.93981
2019-12-31 22:27:00,128.63,128.66,128.6,128.66,15.12044
2019-12-31 22:28:00,128.63,128.68,128.59,128.62,28.12246
2019-12-31 22:29:00,128.62,128.64,128.53,128.55,100.74429
2019-12-31 22:30:00,128.55,128.62,128.54,128.56,16.81851
2019-12-31 22:31:00,128.57,128.62,128.55,128.61,6.4891
2019-12-31 22:32:00,128.57,128.64,128.57,128.59,19.17414
2019-12-31 22:33:00,128.63,128.81,128.63,128.81,149.2551
2019-12-31 22:34:00,128.8,128.89,128.76,128.81,76.8521
2019-12-31 22:35:00,128.88,128.93,128.84,128.91,66.19975
2019-12-31 22:36:00,128.91,128.98,128.91,128.98,58.22155
2019-12-31 22:37:00,128.98,129.05,128.96,129.05,139.12995
2019-12-31 22:38:00,128.99,129.05,128.97,129.04,28.66308
2019-12-31 22:39:00,129.04,129.04,128.92,128.93,42.10767
2019-12-31 22:40:00,128.92,128.94,128.9,128.9,10.92825
2019-12-31 22:41:00,128.9,128.9,128.84,128.84,24.89385
2019-12-31 22:42:00,128.84,128.88,128.82,128.83,33.17935
2019-12-31 22:43:00,128.85,128.96,128.83,128.94,45.64446
2019-12-31 22:44:00,128.95,129.04,128.93,129.03,144.97674
2019-12-31 22:45:00,129.02,129.14,128.97,129.0,177.97494
2019-12-31 22:46:00,128.97,129.13,128.97,129.08,83.03221
2019-12-31 22:47:00,129.07,129.18,129.04,129.14,273.73992
2019-12-31 22:48:00,129.14,129.17,129.09,129.09,64.5471
2019-12-31 22:49:00,129.09,129.18,129.08,129.15,73.4067
2019-12-31 22:50:00,129.14,129.21,129.13,129.21,31.7125
2019-12-31 22:51:00,129.21,129.31,129.21,129.28,297.63229
2019-12-31 22:52:00,129.3,129.35,129.23,129.28,226.84661
2019-12-31 22:53:00,129.3,129.3,129.15,129.24,287.11996
2019-12-31 22:54:00,129.24,129.39,129.24,129.39,83.2188
2019-12-31 22:55:00,129.35,129.39,129.28,129.29,16.47148
2019-12-31 22:56:00,129.29,129.35,129.28,129.34,31.70246
2019-12-31 22:57:00,129.29,129.41,129.29,129.32,213.58625
2019-12-31 22:58:00,129.32,129.37,129.17,129.17,68.18827
2019-12-31 22:59:00,129.17,129.21,128.96,129.05,122.20849
2019-12-31 23:00:00,129.05,129.18,129.03,129.14,191.45348
2019-12-31 23:01:00,129.14,129.17,129.07,129.11,52.49114
2019-12-31 23:02:00,129.1,129.18,129.09,129.1,102.43506
2019-12-31 23:03:00,129.09,129.09,128.86,128.9,86.69044
2019-12-31 23:04:00,128.91,129.04,128.91,129.0,14.04862
2019-12-31 23:05:00,129.03,129.21,129.01,129.21,80.3372
2019-12-31 23:06:00,129.21,129.35,129.0,129.05,184.06816
2019-12-31 23:07:00,129.04,129.17,129.01,129.13,36.81074
2019-12-31 23:08:00,129.13,129.16,129.09,129.12,6.69579
2019-12-31 23:09:00,129.12,129.13,129.0,129.0,31.30473
2019-12-31 23:10:00,129.03,129.04,129.01,129.01,8.10213
2019-12-31 23:11:00,129.02,129.13,129.02,129.1,6.16895
2019-12-31 23:12:00,129.1,129.16,129.1,129.14,11.50742
2019-12-31 23:13:00,129.15,129.27,129.11,129.22,98.87734
2019-12-31 23:14:00,129.21,129.23,129.15,129.15,66.55372
2019-12-31 23:15:00,129.2,129.26,129.17,129.22,49.78836
2019-12-31 23:16:00,129.24,129.27,129.13,129.18,160.06406
2019-12-31 23:17:00,129.17,129.17,128.99,129.01,27.3144
2019-12-31 23:18:00,129.01,129.01,128.84,128.91,38.68903
2019-12-31 23:19:00,128.88,129.13,128.85,129.08,193.9054
2019-12-31 23:20:00,129.1,129.14,128.94,128.94,51.72637
2019-12-31 23:21:00,128.94,128.95,128.89,128.91,10.68045
2019-12-31 23:22:00,128.91,129.13,128.91,129.13,61.46871
2019-12-31 23:23:00,129.14,129.19,129.06,129.09,15.02826
2019-12-31 23:24:00,129.09,129.09,128.95,128.95,33.64541
2019-12-31 23:25:00,128.95,128.97,128.92,128.94,79.40621
2019-12-31 23:26:00,128.96,129.02,128.95,129.01,4.97687
2019-12-31 23:27:00,129.05,129.1,129.05,129.1,29.09632
2019-12-31 23:28:00,129.1,129.13,129.02,129.06,25.86538
2019-12-31 23:29:00,129.06,129.08,129.02,129.03,45.34737
2019-12-31 23:30:00,129.03,129.05,128.94,128.95,35.76578
2019-12-31 23:31:00,128.98,129.02,128.94,129.02,11.61326
2019-12-31 23:32:00,129.03,129.05,129.01,129.01,4.76082
2019-12-31 23:33:00,129.01,129.05,129.01,129.04,7.41431
2019-12-31 23:34:00,129.04,129.14,129.04,129.14,32.76203
2019-12-31 23:35:00,129.14,129.16,129.13,129.14,9.43853
2019-12-31 23:36:00,129.14,129.21,129.14,129.17,31.65789
2019-12-31 23:37:00,129.19,129.2,129.16,129.16,11.7021
2019-12-31 23:38:00,129.16,129.2,129.16,129.2,19.86607
2019-12-31 23:39:00,129.2,129.25,129.19,129.21,4.26875
2019-12-31 23:40:00,129.2,129.23,129.17,129.17,30.14607
2019-12-31 23:41:00,129.17,129.2,129.17,129.17,18.17305
2019-12-31 23:42:00,129.17,129.3,129.17,129.26,65.70374
2019-12-31 23:43:00,129.28,129.31,129.28,129.29,3.43401
2019-12-31 23:44:00,129.29,129.35,129.27,129.27,16.82655
2019-12-31 23:45:00,129.27,129.39,129.26,129.31,198.16411
2019-12-31 23:46:00,129.34,129.34,129.29,129.29,52.50017
2019-12-31 23:47:00,129.3,129.35,129.3,129.31,4.27474
2019-12-31 23:48:00,129.32,129.46,129.31,129.39,37.72077
2019-12-31 23:49:00,129.39,129.45,129.3,129.3,27.31415
2019-12-31 23:50:00,129.31,129.36,129.2,129.24,63.50689
2019-12-31 23:51:00,129.24,129.32,129.23,129.3,20.44394
2019-12-31 23:52:00,129.3,129.36,129.3,129.33,17.52662
2019-12-31 23:53:00,129.33,129.36,129.24,129.24,37.94637
2019-12-31 23:54:00,129.24,129.32,129.22,129.32,25.59769
2019-12-31 23:55:00,129.32,129.36,129.31,129.33,23.84563
2019-12-31 23:56:00,129.33,129.33,129.17,129.19,291.8712
2019-12-31 23:57:00,129.19,129.21,129.09,129.17,44.21184
2019-12-31 23:58:00,129.13,129.18,129.12,129.17,19.05756
2019-12-31 23:59:00,129.18,129.2,129.16,129.16,9.05307
2020-01-01 00:00:00,129.16,129.19,128.96,129.02,305.44687
2020-01-01 00:01:00,128.99,129.11,128.99,129.02,118.00168
2020-01-01 00:02:00,129.0,129.05,128.94,128.98,141.64707
2020-01-01 00:03:00,128.95,129.02,128.94,128.98,29.11515
2020-01-01 00:04:00,128.97,128.97,128.8,128.88,102.50335
2020-01-01 00:05:00,128.84,128.89,128.69,128.76,266.84544
2020-01-01 00:06:00,128.82,128.83,128.7,128.77,182.70154
2020-01-01 00:07:00,128.79,128.91,128.78,128.86,116.45053
2020-01-01 00:08:00,128.86,128.95,128.85,128.95,81.21326
2020-01-01 00:09:00,128.94,128.95,128.86,128.93,77.15963
2020-01-01 00:10:00,128.93,128.98,128.8,128.84,198.04801
2020-01-01 00:11:00,128.84,128.93,128.82,128.85,87.30904
2020-01-01 00:12:00,128.84,128.9,128.81,128.85,20.24884
2020-01-01 00:13:00,128.82,128.87,128.8,128.82,71.56872
2020-01-01 00:14:00,128.84,128.91,128.84,128.91,85.32001
2020-01-01 00:15:00,128.91,129.05,128.87,129.0,118.26102
2020-01-01 00:16:00,129.0,129.0,128.84,128.88,128.60658
2020-01-01 00:17:00,128.9,128.93,128.87,128.9,19.73939
2020-01-01 00:18:00,128.88,128.92,128.85,128.85,62.11675
2020-01-01 00:19:00,128.85,128.91,128.85,128.85,31.78475
2020-01-01 00:20:00,128.85,128.85,128.8,128.84,274.65038
2020-01-01 00:21:00,128.82,128.89,128.8,128.87,80.47967
2020-01-01 00:22:00,128.87,128.91,128.82,128.82,49.84852
2020-01-01 00:23:00,128.85,128.86,128.8,128.8,14.07381
2020-01-01 00:24:00,128.81,128.81,128.69,128.72,1408.4861
2020-01-01 00:25:00,128.72,128.91,128.72,128.82,837.09629
2020-01-01 00:26:00,128.82,128.96,128.74,128.74,172.17116
2020-01-01 00:27:00,128.73,128.84,128.68,128.77,82.89384
2020-01-01 00:28:00,128.78,128.81,128.72,128.72,325.2714
2020-01-01 00:29:00,128.72,128.84,128.72,128.78,80.59402
2020-01-01 00:30:00,128.76,129.03,128.76,129.0,129.22836
2020-01-01 00:31:00,128.99,128.99,128.9,128.91,123.00747
2020-01-01 00:32:00,128.89,128.99,128.89,128.93,27.08029
2020-01-01 00:33:00,128.93,128.94,128.87,128.89,75.46816
2020-01-01 00:34:00,128.89,128.95,128.88,128.95,340.71513
2020-01-01 00:35:00,128.96,128.98,128.85,128.87,115.89799
2020-01-01 00:36:00,128.96,128.97,128.9,128.91,55.52638
2020-01-01 00:37:00,128.91,128.92,128.88,128.89,16.38222
2020-01-01 00:38:00,128.91,128.98,128.91,128.93,35.31546
2020-01-01 00:39:00,128.92,128.92,128.84,128.85,73.7481
2020-01-01 00:40:00,128.85,128.96,128.84,128.89,70.67923
2020-01-01 00:41:00,128.93,128.93,128.87,128.87,5.602
2020-01-01 00:42:00,128.88,128.88,128.8,128.87,49.26013
2020-01-01 00:43:00,128.88,128.9,128.84,128.87,18.79245
2020-01-01 00:44:00,128.88,128.88,128.84,128.86,4.47951
2020-01-01 00:45:00,128.87,128.89,128.84,128.85,8.61703
2020-01-01 00:46:00,128.85,128.88,128.85,128.88,18.74324
2020-01-01 00:47:00,128.87,128.89,128.79,128.81,44.2759
2020-01-01 00:48:00,128.79,128.87,128.79,128.83,31.73537
2020-01-01 00:49:00,128.82,128.83,128.73,128.77,386.76163
2020-01-01 00:50:00,128.8,128.83,128.76,128.82,42.82265
2020-01-01 00:51:00,128.82,128.83,128.79,128.79,37.57959
2020-01-01 00:52:00,128.76,128.76,128.73,128.74,16.05224
2020-01-01 00:53:00,128.74,128.79,128.7,128.77,53.28377
2020-01-01 00:54:00,128.77,128.79,128.7,128.73,55.55679
2020-01-01 00:55:00,128.73,128.83,128.68,128.78,114.06404
2020-01-01 00:56:00,128.79,128.8,128.76,128.77,6.4326
2020-01-01 00:57:00,128.77,128.89,128.75,128.86,101.41896
2020-01-01 00:58:00,128.88,128.96,128.83,128.89,111.64303
2020-01-01 00:59:00,128.89,128.89,128.85,128.87,29.35082
2020-01-01 01:00:00,128.87,128.9,128.84,128.85,57.77089
2020-01-01 01:01:00,128.85,128.99,128.78,128.91,121.92554
2020-01-01 01:02:00,128.94,129.1,128.91,129.1,153.19084
2020-01-01 01:03:00,129.07,129.11,128.91,129.1,149.31442
2020-01-01 01:04:00,129.11,129.11,129.03,129.03,39.49823
2020-01-01 01:05:00,129.05,129.07,129.02,129.03,7.60388
2020-01-01 01:06:00,129.03,129.1,128.9,129.09,124.45066
2020-01-01 01:07:00,129.09,129.15,129.08,129.08,84.3556
2020-01-01 01:08:00,129.11,129.16,129.07,129.13,12.83773
2020-01-01 01:09:00,129.13,129.15,129.06,129.06,306.47488
2020-01-01 01:10:00,129.05,129.06,129.04,129.04,18.27687
2020-01-01 01:11:00,129.05,129.25,129.05,129.21,122.63102
2020-01-01 01:12:00,129.2,129.25,129.16,129.17,66.00926
2020-01-01 01:13:00,129.17,129.18,129.12,129.12,102.51345
2020-01-01 01:14:00,129.13,129.14,129.11,129.13,2.91299
2020-01-01 01:15:00,129.13,129.13,129.07,129.1,81.65388
2020-01-01 01:16:00,129.1,129.19,129.1,129.15,35.664
2020-01-01 01:17:00,129.15,129.19,129.15,129.16,14.18105
2020-01-01 01:18:00,129.17,129.19,129.14,129.14,15.06678
2020-01-01 01:19:00,129.14,129.23,129.13,129.23,28.77079
2020-01-01 01:20:00,129.23,129.37,129.22,129.26,289.29028
2020-01-01 01:21:00,129.29,129.52,129.27,129.47,215.1949
2020-01-01 01:22:00,129.47,129.74,129.37,129.4,1017.0613
2020-01-01 01:23:00,129.39,129.64,129.39,129.63,134.56414
2020-01-01 01:24:00,129.64,129.7,129.56,129.64,198.17546
2020-01-01 01:25:00,129.66,129.93,129.65,129.92,412.12897
2020-01-01 01:26:00,129.93,130.08,129.83,129.9,760.49892
2020-01-01 01:27:00,129.91,130.34,129.9,130.24,584.31857
2020-01-01 01:28:00,130.21,130.24,130.01,130.18,806.40746
2020-01-01 01:29:00,130.13,130.58,130.08,130.26,773.44068
2020-01-01 01:30:00,130.26,130.57,130.23,130.57,197.44207
2020-01-01 01:31:00,130.58,130.65,130.41,130.42,392.56936
2020-01-01 01:32:00,130.44,130.53,130.29,130.35,187.26733
2020-01-01 01:33:00,130.38,130.4,130.31,130.38,209.13439
2020-01-01 01:34:00,130.38,130.5,130.35,130.47,130.56781
2020-01-01 01:35:00,130.46,130.47,130.25,130.26,239.4766
2020-01-01 01:36:00,130.26,130.39,130.22,130.29,300.73469
2020-01-01 01:37:00,130.29,130.3,130.21,130.29,213.30102
2020-01-01 01:38:00,130.26,130.43,130.26,130.43,66.2481
2020-01-01 01:39:00,130.41,130.49,130.25,130.3,130.37083
2020-01-01 01:40:00,130.31,130.38,130.26,130.32,51.09258
2020-01-01 01:41:00,130.3,130.34,130.18,130.21,60.51539
2020-01-01 01:42:00,130.24,130.3,130.21,130.21,30.17444
2020-01-01 01:43:00,130.21,130.38,130.2,130.36,181.55377
2020-01-01 01:44:00,130.36,130.38,130.28,130.33,98.94461
2020-01-01 01:45:00,130.37,130.37,130.09,130.19,456.84557
2020-01-01 01:46:00,130.2,130.21,130.15,130.19,32.47674
2020-01-01 01:47:00,130.21,130.21,130.06,130.07,90.25651
2020-01-01 01:48:00,130.04,130.06,129.91,129.96,186.53536
2020-01-01 01:49:00,129.95,130.06,129.95,130.04,69.98612
2020-01-01 01:50:00,130.04,130.04,129.97,130.01,43.75171
2020-01-01 01:51:00,129.98,130.01,129.96,129.97,14.18991
2020-01-01 01:52:00,129.97,130.34,129.96,130.29,416.80271
2020-01-01 01:53:00,130.26,130.31,130.09,130.15,160.6676
2020-01-01 01:54:00,130.14,130.24,130.13,130.23,40.60461
2020-01-01 01:55:00,130.2,130.32,130.2,130.27,35.65328
2020-01-01 01:56:00,130.27,130.3,130.25,130.26,110.88055
2020-01-01 01:57:00,130.24,130.41,130.24,130.35,127.17998
2020-01-01 01:58:00,130.35,130.42,130.35,130.4,82.56811
2020-01-01 01:59:00,130.4,130.65,130.4,130.64,250.67997
2020-01-01 02:00:00,130.63,130.95,130.63,130.74,1067.43556
2020-01-01 02:01:00,130.72,130.83,130.71,130.76,219.06608
2020-01-01 02:02:00,130.8,130.8,130.54,130.56,333.97799
2020-01-01 02:03:00,130.56,130.67,130.56,130.58,150.63925
2020-01-01 02:04:00,130.56,130.56,130.38,130.48,146.44813
2020-01-01 02:05:00,130.5,130.58,130.46,130.46,160.55951
2020-01-01 02:06:00,130.44,130.46,130.37,130.43,44.17789
2020-01-01 02:07:00,130.43,130.45,130.36,130.39,57.12059
2020-01-01 02:08:00,130.38,130.48,130.35,130.46,355.43186
2020-01-01 02:09:00,130.46,130.5,130.41,130.47,22.55563
2020-01-01 02:10:00,130.47,130.53,130.44,130.53,38.23195
2020-01-01 02:11:00,130.51,130.57,130.49,130.51,24.77817
2020-01-01 02:12:00,130.52,130.52,130.46,130.51,25.443
2020-01-01 02:13:00,130.51,130.52,130.46,130.48,16.98007
2020-01-01 02:14:00,130.5,130.5,130.46,130.48,14.68133
2020-01-01 02:15:00,130.47,130.52,130.47,130.52,33.93377
2020-01-01 02:16:00,130.52,130.56,130.49,130.55,43.40487
2020-01-01 02:17:00,130.53,130.58,130.49,130.57,58.13906
2020-01-01 02:18:00,130.57,130.66,130.57,130.65,140.70262
2020-01-01 02:19:00,130.66,130.8,130.65,130.75,82.04904
2020-01-01 02:20:00,130.76,130.76,130.63,130.7,157.46432
2020-01-01 02:21:00,130.7,130.77,130.7,130.75,25.9552
2020-01-01 02:22:00,130.76,130.76,130.65,130.67,6.42717
2020-01-01 02:23:00,130.66,130.68,130.58,130.66,12.0941
2020-01-01 02:24:00,130.64,130.72,130.63,130.71,13.94539
2020-01-01 02:25:00,130.71,130.76,130.71,130.72,27.83016
2020-01-01 02:26:00,130.71,130.85,130.71,130.8,97.28174
2020-01-01 02:27:00,130.77,130.94,130.76,130.9,73.31644
2020-01-01 02:28:00,130.85,130.91,130.82,130.9,113.65468
2020-01-01 02:29:00,130.85,130.88,130.73,130.76,492.64403
2020-01-01 02:30:00,130.79,130.9,130.78,130.87,122.07383
2020-01-01 02:31:00,130.87,130.98,130.77,130.92,445.93591
2020-01-01 02:32:00,130.93,130.93,130.85,130.88,75.71081
2020-01-01 02:33:00,130.88,130.96,130.84,130.87,148.41029
2020-01-01 02:34:00,130.85,130.86,130.76,130.79,153.31827
2020-01-01 02:35:00,130.78,130.8,130.76,130.77,39.18277
2020-01-01 02:36:00,130.76,130.76,130.67,130.67,17.08029
2020-01-01 02:37:00,130.7,130.78,130.67,130.77,11.64643
2020-01-01 02:38:00,130.76,130.77,130.67,130.73,86.58438
2020-01-01 02:39:00,130.74,130.78,130.69,130.7,103.40571
2020-01-01 02:40:00,130.7,130.7,130.69,130.69,31.66952
2020-01-01 02:41:00,130.69,130.7,130.61,130.61,85.09443
2020-01-01 02:42:00,130.62,130.65,130.61,130.64,295.94969
2020-01-01 02:43:00,130.64,130.69,130.61,130.69,112.47974
2020-01-01 02:44:00,130.69,130.76,130.69,130.75,164.66397
2020-01-01 02:45:00,130.74,130.75,130.69,130.7,22.33802
2020-01-01 02:46:00,130.69,130.81,130.69,130.75,153.12823
2020-01-01 02:47:00,130.75,130.81,130.72,130.74,13.56889
2020-01-01 02:48:00,130.74,130.74,130.69,130.69,341.04573
2020-01-01 02:49:00,130.69,130.75,130.66,130.74,50.67694
2020-01-01 02:50:00,130.75,130.79,130.69,130.69,101.91888
2020-01-01 02:51:00,130.71,130.79,130.7,130.79,69.7975
2020-01-01 02:52:00,130.8,130.87,130.73,130.73,236.68402
2020-01-01 02:53:00,130.74,130.84,130.74,130.79,111.9423
2020-01-01 02:54:00,130.76,130.89,130.76,130.89,151.33608
2020-01-01 02:55:00,130.89,130.89,130.82,130.84,58.38277
2020-01-01 02:56:00,130.84,130.85,130.84,130.85,58.635
2020-01-01 02:57:00,130.85,130.85,130.84,130.85,58.39115
2020-01-01 02:58:00,130.84,130.9,130.84,130.88,50.69849
2020-01-01 02:59:00,130.85,130.89,130.84,130.85,175.23659
2020-01-01 03:00:00,130.85,130.89,130.84,130.84,29.48665
2020-01-01 03:01:00,130.84,130.89,130.63,130.63,114.75678
2020-01-01 03:02:00,130.66,130.66,130.57,130.62,119.35913
2020-01-01 03:03:00,130.57,130.63,130.57,130.62,45.74517
2020-01-01 03:04:00,130.62,130.62,130.59,130.61,107.50731
2020-01-01 03:05:00,130.61,130.61,130.41,130.41,284.16404
2020-01-01 03:06:00,130.42,130.49,130.26,130.27,191.83461
2020-01-01 03:07:00,130.29,130.34,130.18,130.29,372.77557
2020-01-01 03:08:00,130.3,130.3,130.26,130.28,18.43579
2020-01-01 03:09:00,130.29,130.29,130.06,130.22,635.39458
2020-01-01 03:10:00,130.24,130.24,130.18,130.19,71.8037
2020-01-01 03:11:00,130.19,130.2,130.12,130.17,61.74414
2020-01-01 03:12:00,130.17,130.31,130.17,130.26,132.16761
2020-01-01 03:13:00,130.23,130.3,130.21,130.22,22.64574
2020-01-01 03:14:00,130.22,130.22,130.16,130.2,44.90183
2020-01-01 03:15:00,130.2,130.25,130.16,130.19,225.37914
2020-01-01 03:16:00,130.19,130.28,130.16,130.28,19.26602
2020-01-01 03:17:00,130.28,130.34,130.28,130.33,18.51927
2020-01-01 03:18:00,130.34,130.4,130.33,130.4,38.32719
2020-01-01 03:19:00,130.39,130.39,130.27,130.35,78.10643
2020-01-01 03:20:00,130.35,130.46,130.35,130.43,72.7946
2020-01-01 03:21:00,130.43,130.47,130.41,130.41,44.03439
2020-01-01 03:22:00,130.41,130.43,130.41,130.41,8.63562
2020-01-01 03:23:00,130.41,130.48,130.41,130.47,136.36018
2020-01-01 03:24:00,130.47,130.5,130.44,130.5,46.11742
2020-01-01 03:25:00,130.51,130.56,130.48,130.5,57.21177
2020-01-01 03:26:00,130.53,130.53,130.46,130.47,8.48012
2020-01-01 03:27:00,130.48,130.49,130.41,130.45,49.55146
2020-01-01 03:28:00,130.45,130.47,130.42,130.45,19.12016
2020-01-01 03:29:00,130.45,130.49,130.43,130.48,13.65054
2020-01-01 03:30:00,130.47,130.48,130.41,130.46,61.68884
2020-01-01 03:31:00,130.45,130.48,130.44,130.45,26.67097
2020-01-01 03:32:00,130.45,130.46,130.4,130.41,98.64453
2020-01-01 03:33:00,130.42,130.45,130.4,130.44,4.21399
2020-01-01 03:34:00,130.44,130.45,130.41,130.42,1.85281
2020-01-01 03:35:00,130.44,130.46,130.42,130.44,10.77877
2020-01-01 03:36:00,130.44,130.46,130.32,130.32,23.16298
2020-01-01 03:37:00,130.3,130.31,130.23,130.25,43.33347
2020-01-01 03:38:00,130.21,130.24,130.14,130.18,49.77678
2020-01-01 03:39:00,130.17,130.4,130.17,130.25,47.42063
2020-01-01 03:40:00,130.25,130.36,130.24,130.29,85.04356
2020-01-01 03:41:00,130.34,130.35,130.25,130.26,31.73796
2020-01-01 03:42:00,130.26,130.27,130.2,130.2,27.83989
2020-01-01 03:43:00,130.2,130.26,130.13,130.15,83.48741
2020-01-01 03:44:00,130.19,130.23,130.06,130.12,76.33392
2020-01-01 03:45:00,130.06,130.11,129.94,130.03,292.31136
2020-01-01 03:46:00,130.03,130.05,129.98,130.01,22.52169
2020-01-01 03:47:00,130.02,130.11,130.01,130.1,42.63241
2020-01-01 03:48:00,130.11,130.32,130.11,130.31,153.94206
2020-01-01 03:49:00,130.31,130.34,130.26,130.34,115.04969
2020-01-01 03:50:00,130.33,130.33,130.16,130.19,41.99716
2020-01-01 03:51:00,130.17,130.23,130.16,130.23,45.54548
2020-01-01 03:52:00,130.26,130.3,130.24,130.3,28.419
2020-01-01 03:53:00,130.29,130.34,130.23,130.23,37.76892
2020-01-01 03:54:00,130.22,130.26,130.2,130.21,57.16107
2020-01-01 03:55:00,130.22,130.32,130.22,130.28,37.08685
2020-01-01 03:56:00,130.28,130.32,130.13,130.13,93.05063
2020-01-01 03:57:00,130.15,130.33,130.14,130.28,189.31323
2020-01-01 03:58:00,130.29,130.29,130.18,130.18,34.40504
2020-01-01 03:59:00,130.19,130.2,130.12,130.2,17.08627
2020-01-01 04:00:00,130.21,130.24,130.16,130.18,24.66845
2020-01-01 04:01:00,130.19,130.38,130.19,130.34,79.85559
2020-01-01 04:02:00,130.34,130.38,130.32,130.32,114.40784
2020-01-01 04:03:00,130.35,130.42,130.31,130.4,341.91369
2020-01-01 04:04:00,130.37,130.42,130.23,130.23,127.87689
2020-01-01 04:05:00,130.23,130.26,130.19,130.24,12.23262
2020-01-01 04:06:00,130.24,130.26,130.2,130.2,4.44569
2020-01-01 04:07:00,130.22,130.27,130.19,130.24,15.52941
2020-01-01 04:08:00,130.25,130.27,130.21,130.23,3.72388
2020-01-01 04:09:00,130.23,130.3,130.23,130.3,4.27366
2020-01-01 04:10:00,130.29,130.33,130.28,130.28,13.31228
2020-01-01 04:11:00,130.28,130.35,130.24,130.29,53.62267
2020-01-01 04:12:00,130.28,130.28,130.2,130.2,20.90428
2020-01-01 04:13:00,130.2,130.24,130.17,130.22,150.8447
2020-01-01 04:14:00,130.22,130.26,130.22,130.22,16.42382
2020-01-01 04:15:00,130.25,130.36,130.21,130.36,54.05822
2020-01-01 04:16:00,130.36,130.36,130.25,130.26,62.13333
2020-01-01 04:17:00,130.25,130.26,130.2,130.22,276.33846
2020-01-01 04:18:00,130.23,130.26,130.21,130.24,5.62194
2020-01-01 04:19:00,130.22,130.33,130.22,130.32,122.80875
2020-01-01 04:20:00,130.32,130.32,130.26,130.29,10.3397
2020-01-01 04:21:00,130.25,130.26,130.25,130.26,3.04621
2020-01-01 04:22:00,130.26,130.34,130.26,130.29,82.18733
2020-01-01 04:23:00,130.27,130.29,130.17,130.25,24.64571
2020-01-01 04:24:00,130.25,130.27,130.22,130.23,14.03262
2020-01-01 04:25:00,130.26,130.29,130.22,130.27,9.23464
2020-01-01 04:26:00,130.22,130.26,130.22,130.24,9.27728
2020-01-01 04:27:00,130.23,130.25,130.23,130.24,4.40488
2020-01-01 04:28:00,130.24,130.3,130.23,130.25,57.2955
2020-01-01 04:29:00,130.25,130.29,130.15,130.19,56.46647
2020-01-01 04:30:00,130.19,130.21,130.15,130.17,13.22599
2020-01-01 04:31:00,130.16,130.37,130.16,130.37,101.9716
2020-01-01 04:32:00,130.35,130.56,130.34,130.55,268.39924
2020-01-01 04:33:00,130.55,130.73,130.51,130.63,251.55137
2020-01-01 04:34:00,130.64,130.64,130.5,130.56,125.64155
2020-01-01 04:35:00,130.56,130.59,130.54,130.55,23.99833
2020-01-01 04:36:00,130.56,130.56,130.51,130.51,6.27094
2020-01-01 04:37:00,130.53,130.74,130.53,130.7,134.10225
2020-01-01 04:38:00,130.7,130.7,130.52,130.57,73.98374
2020-01-01 04:39:00,130.57,130.61,130.55,130.6,14.56319
2020-01-01 04:40:00,130.53,130.61,130.53,130.59,8.93822
2020-01-01 04:41:00,130.59,130.59,130.39,130.42,67.05218
2020-01-01 04:42:00,130.41,130.46,130.39,130.42,4.28665
2020-01-01 04:43:00,130.41,130.49,130.41,130.47,6.51482
2020-01-01 04:44:00,130.48,130.52,130.45,130.45,33.50685
2020-01-01 04:45:00,130.46,130.51,130.45,130.46,22.35548
2020-01-01 04:46:00,130.48,130.58,130.47,130.56,51.39906
2020-01-01 04:47:00,130.57,130.57,130.51,130.51,16.68856
2020-01-01 04:48:00,130.55,130.55,130.47,130.51,10.49585
2020-01-01 04:49:00,130.51,130.56,130.5,130.51,3.7269
2020-01-01 04:50:00,130.51,130.51,130.33,130.34,79.70296
2020-01-01 04:51:00,130.37,130.37,130.22,130.22,61.49367
2020-01-01 04:52:00,130.21,130.26,130.19,130.22,97.06779
2020-01-01 04:53:00,130.24,130.28,130.21,130.25,28.04696
2020-01-01 04:54:00,130.26,130.28,130.2,130.2,9.80623
2020-01-01 04:55:00,130.2,130.24,130.2,130.24,31.17132
2020-01-01 04:56:00,130.24,130.25,130.22,130.25,28.65978
2020-01-01 04:57:00,130.24,130.24,130.21,130.22,20.34982
2020-01-01 04:58:00,130.21,130.22,130.2,130.2,8.96943
2020-01-01 04:59:00,130.21,130.22,130.2,130.2,18.04023
2020-01-01 05:00:00,130.2,130.24,130.2,130.21,46.33056
2020-01-01 05:01:00,130.21,130.22,130.19,130.21,11.68212
2020-01-01 05:02:00,130.21,130.42,130.21,130.4,180.34205
2020-01-01 05:03:00,130.4,130.43,130.34,130.34,27.90432
2020-01-01 05:04:00,130.34,130.37,130.25,130.26,267.40791
2020-01-01 05:05:00,130.25,130.25,130.14,130.22,64.01172
2020-01-01 05:06:00,130.21,130.25,130.14,130.23,139.7294
2020-01-01 05:07:00,130.2,130.26,130.19,130.25,37.71839
2020-01-01 05:08:00,130.26,130.28,130.22,130.25,34.76458
2020-01-01 05:09:00,130.2,130.31,130.2,130.3,32.12243
2020-01-01 05:10:00,130.31,130.32,130.28,130.29,8.50128
2020-01-01 05:11:00,130.27,130.28,130.25,130.27,5.98743
2020-01-01 05:12:00,130.27,130.4,130.27,130.38,218.08732
2020-01-01 05:13:00,130.36,130.37,130.16,130.16,418.56707
2020-01-01 05:14:00,130.21,130.23,130.14,130.2,30.70282
2020-01-01 05:15:00,130.2,130.22,130.18,130.18,2.95182
2020-01-01 05:16:00,130.17,130.18,130.11,130.17,28.35255
2020-01-01 05:17:00,130.15,130.26,130.14,130.26,84.81174
2020-01-01 05:18:00,130.25,130.3,130.23,130.28,29.05321
2020-01-01 05:19:00,130.28,130.3,130.23,130.3,14.58519
2020-01-01 05:20:00,130.3,130.32,130.26,130.32,29.50651
2020-01-01 05:21:00,130.33,130.33,130.28,130.28,7.41525
2020-01-01 05:22:00,130.29,130.44,130.28,130.41,136.25661
2020-01-01 05:23:00,130.4,130.41,130.3,130.31,14.79855
2020-01-01 05:24:00,130.3,130.33,130.29,130.33,9.6268
2020-01-01 05:25:00,130.32,130.35,130.3,130.33,32.60547
2020-01-01 05:26:00,130.33,130.38,130.3,130.36,59.89148
2020-01-01 05:27:00,130.37,130.37,130.26,130.32,88.14568
2020-01-01 05:28:00,130.28,130.35,130.28,130.3,65.26394
2020-01-01 05:29:00,130.31,130.41,130.31,130.33,90.95319
2020-01-01 05:30:00,130.32,130.37,130.29,130.31,36.55608
2020-01-01 05:31:00,130.31,130.38,130.3,130.35,151.22654
2020-01-01 05:32:00,130.35,130.37,130.3,130.31,25.2917
2020-01-01 05:33:00,130.3,130.38,130.19,130.38,631.89521
2020-01-01 05:34:00,130.36,130.38,130.24,130.29,64.27457
2020-01-01 05:35:00,130.27,130.27,130.26,130.26,4.69448
2020-01-01 05:36:00,130.26,130.31,130.26,130.3,40.50272
2020-01-01 05:37:00,130.3,130.32,130.29,130.32,4.2151
2020-01-01 05:38:00,130.33,130.35,130.32,130.32,14.11922
2020-01-01 05:39:00,130.36,130.38,130.34,130.36,63.36005
2020-01-01 05:40:00,130.35,130.38,130.32,130.38,23.68508
2020-01-01 05:41:00,130.33,130.36,130.31,130.33,8.65821
2020-01-01 05:42:00,130.33,130.37,130.32,130.35,3.89092
2020-01-01 05:43:00,130.35,130.39,130.33,130.34,12.04511
2020-01-01 05:44:00,130.34,130.34,130.3,130.31,71.12437
2020-01-01 05:45:00,130.31,130.36,130.31,130.36,28.78997
2020-01-01 05:46:00,130.35,130.4,130.35,130.39,31.05814
2020-01-01 05:47:00,130.39,130.4,130.39,130.39,10.64933
2020-01-01 05:48:00,130.36,130.4,130.34,130.39,64.5477
2020-01-01 05:49:00,130.39,130.39,130.34,130.37,20.07178
2020-01-01 05:50:00,130.37,130.37,130.23,130.3,40.5429
2020-01-01 05:51:00,130.3,130.37,130.29,130.37,31.79754
2020-01-01 05:52:00,130.37,130.42,130.34,130.41,253.70294
2020-01-01 05:53:00,130.41,130.43,130.38,130.41,8.96979
2020-01-01 05:54:00,130.4,130.47,130.4,130.42,75.05643
2020-01-01 05:55:00,130.42,130.43,130.32,130.32,170.76297
2020-01-01 05:56:00,130.29,130.38,130.28,130.35,4.62304
2020-01-01 05:57:00,130.36,130.37,130.31,130.33,23.48244
2020-01-01 05:58:00,130.32,130.35,130.25,130.26,29.78513
2020-01-01 05:59:00,130.26,130.34,130.25,130.3,76.14955
2020-01-01 06:00:00,130.31,130.34,130.28,130.31,19.41277
2020-01-01 06:01:00,130.31,130.34,130.26,130.34,7.67979
2020-01-01 06:02:00,130.34,130.35,130.29,130.29,18.47504
2020-01-01 06:03:00,130.3,130.33,130.28,130.33,27.76131
2020-01-01 06:04:00,130.3,130.39,130.3,130.38,85.28847
2020-01-01 06:05:00,130.38,130.39,130.35,130.37,2.7603
2020-01-01 06:06:00,130.36,130.37,130.3,130.35,24.27802
2020-01-01 06:07:00,130.34,130.35,130.27,130.34,22.62707
2020-01-01 06:08:00,130.37,130.58,130.37,130.56,261.88149
2020-01-01 06:09:00,130.54,130.63,130.54,130.63,378.98763
2020-01-01 06:10:00,130.59,130.67,130.59,130.59,69.17566
2020-01-01 06:11:00,130.59,130.62,130.59,130.62,25.00408
2020-01-01 06:12:00,130.61,130.65,130.6,130.61,73.3699
2020-01-01 06:13:00,130.62,130.62,130.51,130.51,93.59805
2020-01-01 06:14:00,130.52,130.57,130.47,130.48,27.4373
2020-01-01 06:15:00,130.48,130.52,130.44,130.47,50.63082
2020-01-01 06:16:00,130.47,130.57,130.45,130.57,104.67107
2020-01-01 06:17:00,130.56,130.66,130.55,130.6,138.77156
2020-01-01 06:18:00,130.6,130.63,130.5,130.56,144.01239
2020-01-01 06:19:00,130.56,130.58,130.52,130.56,20.20198
2020-01-01 06:20:00,130.54,130.55,130.5,130.55,32.86113
2020-01-01 06:21:00,130.56,130.58,130.5,130.57,59.57366
2020-01-01 06:22:00,130.56,130.65,130.56,130.63,45.66931
2020-01-01 06:23:00,130.63,130.65,130.57,130.57,13.38834
2020-01-01 06:24:00,130.57,130.64,130.57,130.63,9.69348
2020-01-01 06:25:00,130.63,130.65,130.58,130.61,52.74966
2020-01-01 06:26:00,130.65,130.74,130.63,130.73,101.10136
2020-01-01 06:27:00,130.74,130.74,130.68,130.7,9.98477
2020-01-01 06:28:00,130.7,130.71,130.67,130.7,63.99822
2020-01-01 06:29:00,130.7,130.75,130.7,130.75,44.47483
2020-01-01 06:30:00,130.74,130.75,130.7,130.7,22.94627
2020-01-01 06:31:00,130.69,130.72,130.67,130.68,45.24422
2020-01-01 06:32:00,130.68,130.69,130.61,130.67,64.99601
2020-01-01 06:33:00,130.67,130.67,130.59,130.62,4.62233
2020-01-01 06:34:00,130.62,130.64,130.59,130.63,54.7895
2020-01-01 06:35:00,130.64,130.68,130.61,130.65,20.42048
2020-01-01 06:36:00,130.64,130.65,130.61,130.64,34.40572
2020-01-01 06:37:00,130.65,130.66,130.61,130.65,16.93184
2020-01-01 06:38:00,130.65,130.71,130.65,130.65,42.68005
2020-01-01 06:39:00,130.65,130.68,130.64,130.67,14.76975
2020-01-01 06:40:00,130.66,130.7,130.66,130.68,26.23677
2020-01-01 06:41:00,130.66,130.71,130.64,130.66,47.95824
2020-01-01 06:42:00,130.69,130.7,130.65,130.69,31.91057
2020-01-01 06:43:00,130.65,130.69,130.63,130.67,21.40399
2020-01-01 06:44:00,130.66,130.69,130.62,130.62,33.7073
2020-01-01 06:45:00,130.67,130.67,130.45,130.45,178.36153
2020-01-01 06:46:00,130.49,130.49,130.45,130.47,40.13974
2020-01-01 06:47:00,130.47,130.49,130.44,130.45,18.63686
2020-01-01 06:48:00,130.47,130.53,130.44,130.49,222.83327
2020-01-01 06:49:00,130.49,130.62,130.47,130.56,146.60469
2020-01-01 06:50:00,130.55,130.57,130.42,130.43,38.59913
2020-01-01 06:51:00,130.43,130.44,130.32,130.4,77.29836
2020-01-01 06:52:00,130.35,130.4,130.27,130.33,20.85143
2020-01-01 06:53:00,130.35,130.43,130.32,130.43,36.84356
2020-01-01 06:54:00,130.41,130.41,130.29,130.4,87.29382
2020-01-01 06:55:00,130.42,130.52,130.35,130.35,96.2244
2020-01-01 06:56:00,130.35,130.38,130.32,130.33,103.86887
2020-01-01 06:57:00,130.36,130.46,130.33,130.42,18.4284
2020-01-01 06:58:00,130.43,130.47,130.39,130.39,37.55138
2020-01-01 06:59:00,130.42,130.49,130.39,130.44,32.82372
2020-01-01 07:00:00,130.47,130.54,130.45,130.5,45.96602
2020-01-01 07:01:00,130.49,130.51,130.45,130.5,35.24778
2020-01-01 07:02:00,130.51,130.51,130.45,130.49,7.626
2020-01-01 07:03:00,130.5,130.51,130.48,130.51,8.32877
2020-01-01 07:04:00,130.49,130.5,130.48,130.5,4.80896
2020-01-01 07:05:00,130.49,130.5,130.43,130.44,106.57528
2020-01-01 07:06:00,130.44,130.46,130.4,130.42,53.71673
2020-01-01 07:07:00,130.4,130.41,130.33,130.41,86.92024
2020-01-01 07:08:00,130.39,130.47,130.36,130.46,26.63549
2020-01-01 07:09:00,130.46,130.47,130.39,130.41,59.14321
2020-01-01 07:10:00,130.41,130.47,130.4,130.46,39.93745
2020-01-01 07:11:00,130.46,130.47,130.46,130.46,8.07554
2020-01-01 07:12:00,130.47,130.47,130.41,130.42,31.50385
2020-01-01 07:13:00,130.45,130.52,130.4,130.52,108.31936
2020-01-01 07:14:00,130.52,130.52,130.47,130.48,17.72069
2020-01-01 07:15:00,130.47,130.62,130.46,130.58,99.88486
2020-01-01 07:16:00,130.58,130.71,130.58,130.63,90.5435
2020-01-01 07:17:00,130.62,130.64,130.54,130.56,127.95612
2020-01-01 07:18:00,130.57,130.58,130.47,130.52,18.67676
2020-01-01 07:19:00,130.49,130.55,130.49,130.54,10.31792
2020-01-01 07:20:00,130.54,130.55,130.48,130.52,32.27361
2020-01-01 07:21:00,130.49,130.49,130.38,130.41,37.77997
2020-01-01 07:22:00,130.43,130.57,130.43,130.57,92.98883
2020-01-01 07:23:00,130.55,130.65,130.54,130.57,105.61296
2020-01-01 07:24:00,130.59,130.65,130.57,130.57,49.11549
2020-01-01 07:25:00,130.59,130.63,130.57,130.58,66.78507
2020-01-01 07:26:00,130.57,130.64,130.55,130.63,77.89051
2020-01-01 07:27:00,130.63,130.63,130.54,130.58,46.10487
2020-01-01 07:28:00,130.58,130.62,130.55,130.59,118.25827
2020-01-01 07:29:00,130.59,130.59,130.55,130.58,18.55689
2020-01-01 07:30:00,130.58,130.62,130.58,130.6,23.59151
2020-01-01 07:31:00,130.6,130.66,130.53,130.53,154.62773
2020-01-01 07:32:00,130.53,130.56,130.5,130.5,81.37849
2020-01-01 07:33:00,130.51,130.53,130.5,130.5,83.0835
2020-01-01 07:34:00,130.49,130.5,130.39,130.39,50.26575
2020-01-01 07:35:00,130.39,130.42,130.32,130.34,30.4475
2020-01-01 07:36:00,130.32,130.47,130.32,130.37,133.42194
2020-01-01 07:37:00,130.37,130.42,130.35,130.38,30.90348
2020-01-01 07:38:00,130.37,130.39,130.28,130.29,41.54552
2020-01-01 07:39:00,130.29,130.39,130.28,130.31,51.32612
2020-01-01 07:40:00,130.3,130.34,130.28,130.28,37.6633
2020-01-01 07:41:00,130.28,130.29,130.23,130.26,526.33189
2020-01-01 07:42:00,130.24,130.27,130.14,130.18,59.27275
2020-01-01 07:43:00,130.14,130.27,130.14,130.24,79.33936
2020-01-01 07:44:00,130.27,130.33,130.16,130.17,62.74364
2020-01-01 07:45:00,130.15,130.3,130.15,130.3,40.31709
2020-01-01 07:46:00,130.29,130.32,130.23,130.24,171.50389
2020-01-01 07:47:00,130.26,130.29,130.24,130.26,7.41898
2020-01-01 07:48:00,130.26,130.31,130.26,130.3,41.71828
2020-01-01 07:49:00,130.3,130.34,130.29,130.31,23.68671
2020-01-01 07:50:00,130.32,130.33,130.24,130.27,5.38893
2020-01-01 07:51:00,130.23,130.25,130.17,130.19,260.02283
2020-01-01 07:52:00,130.2,130.24,130.18,130.19,116.99883
2020-01-01 07:53:00,130.24,130.34,130.19,130.3,86.69235
2020-01-01 07:54:00,130.31,130.37,130.27,130.35,64.70353
2020-01-01 07:55:00,130.35,130.36,130.3,130.3,3.38084
2020-01-01 07:56:00,130.3,130.34,130.3,130.3,38.27344
2020-01-01 07:57:00,130.31,130.34,130.18,130.29,121.92018
2020-01-01 07:58:00,130.32,130.33,130.2,130.28,80.57766
2020-01-01 07:59:00,130.25,130.28,130.24,130.24,5.35711
2020-01-01 08:00:00,130.24,130.3,130.22,130.22,56.01007
2020-01-01 08:01:00,130.22,130.24,130.2,130.2,4.42493
2020-01-01 08:02:00,130.19,130.22,130.17,130.2,35.34087
2020-01-01 08:03:00,130.2,130.2,130.12,130.14,181.73674
2020-01-01 08:04:00,130.16,130.24,130.13,130.23,80.80527
2020-01-01 08:05:00,130.22,130.22,130.16,130.18,25.11601
2020-01-01 08:06:00,130.18,130.21,130.16,130.21,19.24505
2020-01-01 08:07:00,130.19,130.25,130.19,130.22,117.8866
2020-01-01 08:08:00,130.19,130.2,130.12,130.13,70.15358
2020-01-01 08:09:00,130.13,130.24,130.11,130.2,162.69171
2020-01-01 08:10:00,130.21,130.21,130.15,130.16,62.83455
2020-01-01 08:11:00,130.16,130.19,130.16,130.19,52.91525
2020-01-01 08:12:00,130.19,130.19,130.09,130.09,98.2761
2020-01-01 08:13:00,130.1,130.24,130.08,130.17,295.17094
2020-01-01 08:14:00,130.17,130.19,130.08,130.14,136.16096
2020-01-01 08:15:00,130.13,130.13,130.0,130.02,666.47616
2020-01-01 08:16:00,130.06,130.14,130.04,130.06,238.19264
2020-01-01 08:17:00,130.05,130.08,129.89,130.01,643.69304
2020-01-01 08:18:00,130.0,130.0,129.87,129.96,220.41665
2020-01-01 08:19:00,129.96,130.0,129.93,129.96,370.39254
2020-01-01 08:20:00,129.95,130.0,129.95,129.98,127.27319
2020-01-01 08:21:00,130.0,130.0,129.94,129.96,34.99627
2020-01-01 08:22:00,129.95,130.01,129.91,129.98,178.31754
2020-01-01 08:23:00,129.97,130.1,129.94,130.09,179.03803
2020-01-01 08:24:00,130.08,130.1,130.01,130.02,68.33058
2020-01-01 08:25:00,130.0,130.0,129.87,129.95,126.04271
2020-01-01 08:26:00,129.95,130.14,129.95,130.13,357.47269
2020-01-01 08:27:00,130.12,130.13,130.11,130.11,68.21133
2020-01-01 08:28:00,130.12,130.12,129.95,130.04,322.69624
2020-01-01 08:29:00,130.05,130.06,129.99,130.0,158.21875
2020-01-01 08:30:00,130.0,130.05,129.99,130.05,129.73936
2020-01-01 08:31:00,130.04,130.05,130.0,130.05,11.49572
2020-01-01 08:32:00,130.05,130.05,130.03,130.05,27.21978
2020-01-01 08:33:00,130.07,130.07,130.0,130.02,95.64308
2020-01-01 08:34:00,130.04,130.05,130.02,130.04,92.75377
2020-01-01 08:35:00,130.05,130.05,130.04,130.05,34.97112
2020-01-01 08:36:00,130.05,130.05,130.04,130.05,30.23102
2020-01-01 08:37:00,130.05,130.15,130.04,130.14,89.46346
2020-01-01 08:38:00,130.15,130.16,130.1,130.13,51.69046
2020-01-01 08:39:00,130.15,130.15,130.11,130.13,4.84126
2020-01-01 08:40:00,130.12,130.12,130.03,130.05,192.54386
2020-01-01 08:41:00,130.04,130.05,130.04,130.04,14.52477
2020-01-01 08:42:00,130.05,130.11,130.03,130.08,143.18092
2020-01-01 08:43:00,130.07,130.08,130.04,130.05,51.42333
2020-01-01 08:44:00,130.04,130.05,129.9,129.99,118.85148
2020-01-01 08:45:00,129.95,129.95,129.88,129.94,26.53382
2020-01-01 08:46:00,129.94,129.95,129.91,129.95,50.87847
2020-01-01 08:47:00,129.95,129.99,129.95,129.96,10.68331
2020-01-01 08:48:00,129.94,130.0,129.93,129.94,51.61205
2020-01-01 08:49:00,129.94,130.0,129.93,129.99,33.2689
2020-01-01 08:50:00,129.99,129.99,129.95,129.98,5.74062
2020-01-01 08:51:00,129.99,130.02,129.96,130.02,35.64293
2020-01-01 08:52:00,130.03,130.15,129.96,130.11,244.36991
2020-01-01 08:53:00,130.12,130.15,130.09,130.1,79.95092
2020-01-01 08:54:00,130.1,130.15,130.1,130.15,74.86772
2020-01-01 08:55:00,130.15,130.16,130.09,130.11,48.1616
2020-01-01 08:56:00,130.1,130.15,130.05,130.15,106.73877
2020-01-01 08:57:00,130.14,130.15,130.12,130.15,22.49296
2020-01-01 08:58:00,130.15,130.3,130.13,130.29,213.8944
2020-01-01 08:59:00,130.29,130.41,130.21,130.36,289.49821
2020-01-01 09:00:00,130.4,130.62,130.33,130.6,943.36087
2020-01-01 09:01:00,130.6,130.6,130.45,130.48,174.48121
2020-01-01 09:02:00,130.48,130.5,130.34,130.38,217.29021
2020-01-01 09:03:00,130.4,130.4,130.32,130.32,20.73422
2020-01-01 09:04:00,130.33,130.35,130.3,130.32,41.78358
2020-01-01 09:05:00,130.3,130.45,130.28,130.4,236.68967
2020-01-01 09:06:00,130.4,130.4,130.37,130.37,4.83732
2020-01-01 09:07:00,130.37,130.39,130.27,130.28,224.40386
2020-01-01 09:08:00,130.3,130.3,130.29,130.3,31.55596
2020-01-01 09:09:00,130.3,130.3,130.27,130.27,37.14411
2020-01-01 09:10:00,130.28,130.34,130.27,130.33,107.74307
2020-01-01 09:11:00,130.34,130.41,130.29,130.35,282.1686
2020-01-01 09:12:00,130.35,130.41,130.32,130.35,47.08445
2020-01-01 09:13:00,130.34,130.36,130.25,130.31,107.99904
2020-01-01 09:14:00,130.29,130.35,130.29,130.32,74.19791
2020-01-01 09:15:00,130.3,130.35,130.26,130.27,46.71646
2020-01-01 09:16:00,130.28,130.33,130.26,130.31,79.54349
2020-01-01 09:17:00,130.31,130.36,130.28,130.29,54.58563
2020-01-01 09:18:00,130.31,130.33,130.27,130.28,20.51188
2020-01-01 09:19:00,130.28,130.33,130.24,130.33,108.15986
2020-01-01 09:20:00,130.33,130.33,130.3,130.33,3.34191
2020-01-01 09:21:00,130.32,130.34,130.29,130.32,125.11388
2020-01-01 09:22:00,130.3,130.37,130.28,130.37,54.18681
2020-01-01 09:23:00,130.36,130.44,130.36,130.42,25.86099
2020-01-01 09:24:00,130.43,130.43,130.33,130.38,61.51046
2020-01-01 09:25:00,130.34,130.38,130.27,130.29,53.09329
2020-01-01 09:26:00,130.28,130.36,130.26,130.36,13.06736
2020-01-01 09:27:00,130.37,130.37,130.3,130.35,21.47338
2020-01-01 09:28:00,130.35,130.38,130.32,130.35,20.45092
2020-01-01 09:29:00,130.33,130.4,130.31,130.31,275.42114
2020-01-01 09:30:00,130.35,130.4,130.31,130.36,91.43403
2020-01-01 09:31:00,130.35,130.37,130.32,130.36,16.15273
2020-01-01 09:32:00,130.37,130.37,130.32,130.33,11.64356
2020-01-01 09:33:00,130.33,130.37,130.32,130.36,11.55592
2020-01-01 09:34:00,130.34,130.37,130.33,130.36,8.42911
2020-01-01 09:35:00,130.36,130.37,130.32,130.36,57.74173
2020-01-01 09:36:00,130.36,130.45,130.36,130.43,60.24677
2020-01-01 09:37:00,130.42,130.43,130.41,130.42,5.71418
2020-01-01 09:38:00,130.42,130.49,130.42,130.47,32.34635
2020-01-01 09:39:00,130.47,130.47,130.36,130.42,89.42897
2020-01-01 09:40:00,130.4,130.4,130.38,130.38,18.91805
2020-01-01 09:41:00,130.38,130.41,130.37,130.39,21.36396
2020-01-01 09:42:00,130.39,130.4,130.38,130.4,1.64831
2020-01-01 09:43:00,130.38,130.4,130.37,130.39,46.43169
2020-01-01 09:44:00,130.42,130.42,130.37,130.38,36.06811
2020-01-01 09:45:00,130.37,130.4,130.36,130.38,25.34209
2020-01-01 09:46:00,130.39,130.41,130.37,130.39,1.67202
2020-01-01 09:47:00,130.39,130.43,130.37,130.38,16.81308
2020-01-01 09:48:00,130.38,130.38,130.37,130.38,11.3322
2020-01-01 09:49:00,130.38,130.4,130.37,130.38,6.17252
2020-01-01 09:50:00,130.37,130.4,130.33,130.37,91.66796
2020-01-01 09:51:00,130.35,130.42,130.32,130.4,21.50855
2020-01-01 09:52:00,130.4,130.4,130.22,130.27,186.94559
2020-01-01 09:53:00,130.27,130.3,130.21,130.27,48.85554
2020-01-01 09:54:00,130.27,130.28,130.21,130.24,33.53993
2020-01-01 09:55:00,130.21,130.27,130.21,130.23,71.31962
2020-01-01 09:56:00,130.24,130.3,130.21,130.24,24.77934
2020-01-01 09:57:00,130.23,130.25,130.21,130.22,11.52753
2020-01-01 09:58:00,130.21,130.26,130.13,130.17,132.28926
2020-01-01 09:59:00,130.18,130.18,130.16,130.17,100.80472
2020-01-01 10:00:00,130.17,130.17,130.07,130.1,181.15886
2020-01-01 10:01:00,130.12,130.37,130.09,130.29,288.55401
2020-01-01 10:02:00,130.29,130.33,130.25,130.28,45.172
2020-01-01 10:03:00,130.28,130.37,130.28,130.34,22.48055
2020-01-01 10:04:00,130.34,130.34,130.2,130.24,62.60957
2020-01-01 10:05:00,130.26,130.36,130.23,130.34,46.2215
2020-01-01 10:06:00,130.35,130.38,130.35,130.37,4.26534
2020-01-01 10:07:00,130.38,130.38,130.32,130.36,9.01029
2020-01-01 10:08:00,130.36,130.53,130.36,130.48,242.69815
2020-01-01 10:09:00,130.48,130.53,130.47,130.51,20.12996
2020-01-01 10:10:00,130.51,130.57,130.47,130.53,136.62333
2020-01-01 10:11:00,130.52,130.53,130.39,130.51,383.97703
2020-01-01 10:12:00,130.5,130.52,130.43,130.51,123.99243
2020-01-01 10:13:00,130.49,130.53,130.48,130.53,6.93391
2020-01-01 10:14:00,130.53,130.57,130.48,130.56,20.57715
2020-01-01 10:15:00,130.55,130.56,130.52,130.53,9.24774
2020-01-01 10:16:00,130.52,130.56,130.51,130.55,6.49316
2020-01-01 10:17:00,130.56,130.61,130.52,130.55,195.73788
2020-01-01 10:18:00,130.55,130.57,130.52,130.53,19.6348
2020-01-01 10:19:00,130.52,130.57,130.51,130.56,24.38244
2020-01-01 10:20:00,130.57,130.59,130.47,130.49,265.54416
2020-01-01 10:21:00,130.49,130.5,130.36,130.46,568.98199
2020-01-01 10:22:00,130.42,130.52,130.42,130.48,200.9338
2020-01-01 10:23:00,130.5,130.52,130.46,130.48,49.95425
2020-01-01 10:24:00,130.47,130.51,130.45,130.5,93.18548
2020-01-01 10:25:00,130.5,130.53,130.46,130.47,182.58123
2020-01-01 10:26:00,130.5,130.53,130.45,130.53,103.77577
2020-01-01 10:27:00,130.52,130.6,130.52,130.55,152.63436
2020-01-01 10:28:00,130.54,130.59,130.51,130.59,90.66092
2020-01-01 10:29:00,130.58,130.59,130.55,130.59,2.7231
2020-01-01 10:30:00,130.59,130.59,130.51,130.53,10.28468
2020-01-01 10:31:00,130.5,130.55,130.49,130.51,49.5062
2020-01-01 10:32:00,130.54,130.55,130.52,130.54,27.42948
2020-01-01 10:33:00,130.52,130.53,130.49,130.52,23.38552
2020-01-01 10:34:00,130.52,130.54,130.49,130.52,2.62222
2020-01-01 10:35:00,130.51,130.52,130.49,130.5,35.08258
2020-01-01 10:36:00,130.52,130.57,130.52,130.56,5.95409
2020-01-01 10:37:00,130.52,130.6,130.51,130.58,23.95149
2020-01-01 10:38:00,130.55,130.6,130.55,130.59,11.17588
2020-01-01 10:39:00,130.59,130.6,130.55,130.6,2.27158
2020-01-01 10:40:00,130.6,130.66,130.6,130.65,109.06884
2020-01-01 10:41:00,130.65,130.66,130.62,130.66,3.02463
2020-01-01 10:42:00,130.66,130.69,130.64,130.69,36.94465
2020-01-01 10:43:00,130.69,130.71,130.64,130.7,7.06722
2020-01-01 10:44:00,130.71,130.79,130.71,130.78,121.52855
2020-01-01 10:45:00,130.78,130.79,130.72,130.76,42.01368
2020-01-01 10:46:00,130.78,130.82,130.72,130.74,139.92362
2020-01-01 10:47:00,130.74,130.75,130.73,130.74,3.8009
2020-01-01 10:48:00,130.74,130.75,130.7,130.74,9.81657
2020-01-01 10:49:00,130.73,130.74,130.69,130.74,18.45362
2020-01-01 10:50:00,130.74,130.75,130.7,130.71,19.8143
2020-01-01 10:51:00,130.71,130.71,130.66,130.68,166.40784
2020-01-01 10:52:00,130.67,130.68,130.64,130.65,20.53361
2020-01-01 10:53:00,130.67,130.69,130.65,130.67,4.6556
2020-01-01 10:54:00,130.67,130.68,130.63,130.67,13.49141
2020-01-01 10:55:00,130.64,130.69,130.64,130.66,1.70732
2020-01-01 10:56:00,130.63,130.67,130.63,130.67,6.9289
2020-01-01 10:57:00,130.66,130.7,130.65,130.7,2.79644
2020-01-01 10:58:00,130.7,130.71,130.67,130.7,18.17534
2020-01-01 10:59:00,130.71,130.71,130.67,130.7,126.80978
2020-01-01 11:00:00,130.67,130.71,130.67,130.68,118.49481
2020-01-01 11:01:00,130.68,130.69,130.61,130.63,89.8833
2020-01-01 11:02:00,130.66,130.68,130.61,130.61,30.73103
2020-01-01 11:03:00,130.64,130.66,130.62,130.63,33.5178
2020-01-01 11:04:00,130.63,130.69,130.63,130.69,13.69032
2020-01-01 11:05:00,130.7,130.71,130.63,130.71,89.15124
2020-01-01 11:06:00,130.7,130.7,130.67,130.7,4.14966
2020-01-01 11:07:00,130.7,130.7,130.6,130.65,47.2002
2020-01-01 11:08:00,130.65,130.69,130.65,130.69,5.09561
2020-01-01 11:09:00,130.69,130.7,130.66,130.7,17.1381
2020-01-01 11:10:00,130.7,130.8,130.69,130.8,88.36176
2020-01-01 11:11:00,130.8,130.8,130.75,130.8,6.15209
2020-01-01 11:12:00,130.79,130.79,130.71,130.73,5.4393
2020-01-01 11:13:00,130.77,130.78,130.73,130.78,134.11014
2020-01-01 11:14:00,130.77,130.78,130.74,130.77,6.11087
2020-01-01 11:15:00,130.77,130.78,130.73,130.77,103.48427
2020-01-01 11:16:00,130.75,130.76,130.72,130.74,2.60003
2020-01-01 11:17:00,130.74,130.76,130.7,130.74,22.17566
2020-01-01 11:18:00,130.73,130.74,130.69,130.74,132.49563
2020-01-01 11:19:00,130.72,130.76,130.71,130.76,25.97358
2020-01-01 11:20:00,130.74,130.78,130.74,130.78,38.67855
2020-01-01 11:21:00,130.78,130.8,130.77,130.8,50.11842
2020-01-01 11:22:00,130.8,130.93,130.79,130.89,137.89473
2020-01-01 11:23:00,130.89,131.28,130.88,131.27,1041.13761
2020-01-01 11:24:00,131.22,131.66,131.22,131.66,1145.70241
2020-01-01 11:25:00,131.66,131.87,131.62,131.74,530.04517
2020-01-01 11:26:00,131.74,131.86,131.63,131.67,453.3196
2020-01-01 11:27:00,131.62,131.8,131.62,131.73,714.59336
2020-01-01 11:28:00,131.73,131.83,131.68,131.83,139.90691
2020-01-01 11:29:00,131.76,131.83,131.67,131.7,221.15296
2020-01-01 11:30:00,131.7,131.73,131.62,131.7,252.99276
2020-01-01 11:31:00,131.7,131.79,131.68,131.76,138.99283
2020-01-01 11:32:00,131.78,131.79,131.68,131.69,65.19791
2020-01-01 11:33:00,131.7,131.7,131.61,131.64,94.17451
2020-01-01 11:34:00,131.64,131.64,131.49,131.49,219.88834
2020-01-01 11:35:00,131.53,131.53,131.47,131.49,74.65271
2020-01-01 11:36:00,131.47,131.47,131.33,131.4,278.37385
2020-01-01 11:37:00,131.4,131.5,131.39,131.48,220.84319
2020-01-01 11:38:00,131.47,131.47,131.37,131.42,39.647
2020-01-01 11:39:00,131.42,131.44,131.39,131.44,31.02618
2020-01-01 11:40:00,131.44,131.44,131.35,131.43,37.9997
2020-01-01 11:41:00,131.43,131.43,131.38,131.43,12.8756
2020-01-01 11:42:00,131.39,131.47,131.38,131.44,70.07174
2020-01-01 11:43:00,131.44,131.48,131.43,131.46,10.86978
2020-01-01 11:44:00,131.49,131.6,131.47,131.58,170.71086
2020-01-01 11:45:00,131.61,131.67,131.56,131.61,369.12026
2020-01-01 11:46:00,131.61,131.66,131.6,131.61,33.22814
2020-01-01 11:47:00,131.63,131.67,131.59,131.6,51.1704
2020-01-01 11:48:00,131.6,131.61,131.29,131.32,476.84548
2020-01-01 11:49:00,131.31,131.35,131.23,131.24,371.11411
2020-01-01 11:50:00,131.24,131.24,130.8,130.85,902.03342
2020-01-01 11:51:00,130.86,130.87,130.64,130.66,871.94722
2020-01-01 11:52:00,130.66,130.73,130.62,130.68,118.76945
2020-01-01 11:53:00,130.68,130.81,130.65,130.76,127.51177
2020-01-01 11:54:00,130.76,130.8,130.7,130.7,71.31053
2020-01-01 11:55:00,130.71,130.78,130.65,130.76,96.37983
2020-01-01 11:56:00,130.76,130.89,130.76,130.89,66.29044
2020-01-01 11:57:00,130.87,130.87,130.71,130.73,26.6954
2020-01-01 11:58:00,130.73,130.75,130.68,130.75,83.30991
2020-01-01 11:59:00,130.71,130.75,130.7,130.74,15.24188
2020-01-01 12:00:00,130.74,130.89,130.7,130.84,225.43201
2020-01-01 12:01:00,130.84,130.86,130.81,130.82,23.21151
2020-01-01 12:02:00,130.87,131.0,130.81,130.97,170.77384
2020-01-01 12:03:00,130.97,131.01,130.94,130.99,74.12537
2020-01-01 12:04:00,131.02,131.05,130.94,130.95,72.65309
2020-01-01 12:05:00,130.94,130.98,130.94,130.98,8.27091
2020-01-01 12:06:00,130.97,131.03,130.97,130.99,23.88233
2020-01-01 12:07:00,130.99,131.05,130.98,131.04,47.0975
2020-01-01 12:08:00,131.02,131.07,131.01,131.03,10.78303
2020-01-01 12:09:00,131.07,131.17,131.05,131.13,99.38897
2020-01-01 12:10:00,131.13,131.2,130.99,131.03,145.31338
2020-01-01 12:11:00,131.0,131.02,130.95,130.97,59.59304
2020-01-01 12:12:00,130.98,131.06,130.98,131.03,408.70816
2020-01-01 12:13:00,131.03,131.07,131.03,131.05,17.47636
2020-01-01 12:14:00,131.06,131.06,130.96,130.99,140.32812
2020-01-01 12:15:00,130.96,131.0,130.95,130.99,10.51788
2020-01-01 12:16:00,130.99,131.03,130.96,131.03,21.08318
2020-01-01 12:17:00,131.06,131.13,131.03,131.13,4.18043
2020-01-01 12:18:00,131.13,131.2,131.1,131.2,27.51422
2020-01-01 12:19:00,131.2,131.24,131.17,131.23,34.55094
2020-01-01 12:20:00,131.18,131.32,131.18,131.32,81.56454
2020-01-01 12:21:00,131.29,131.32,131.25,131.26,21.1509
2020-01-01 12:22:00,131.27,131.28,131.25,131.27,24.26628
2020-01-01 12:23:00,131.25,131.3,131.25,131.3,7.34872
2020-01-01 12:24:00,131.3,131.33,131.24,131.32,27.58283
2020-01-01 12:25:00,131.32,131.35,131.29,131.3,53.77621
2020-01-01 12:26:00,131.3,131.3,131.18,131.21,87.28731
2020-01-01 12:27:00,131.16,131.19,131.07,131.07,63.47776
2020-01-01 12:28:00,131.05,131.07,130.97,130.97,49.83099
2020-01-01 12:29:00,131.01,131.05,131.0,131.05,25.21765
2020-01-01 12:30:00,131.02,131.02,130.96,130.98,110.60963
2020-01-01 12:31:00,130.98,131.04,130.97,131.03,134.73185
2020-01-01 12:32:00,131.04,131.07,131.0,131.03,50.03905
2020-01-01 12:33:00,131.03,131.07,130.99,131.07,51.9918
2020-01-01 12:34:00,131.05,131.11,131.01,131.11,52.59206
2020-01-01 12:35:00,131.08,131.15,131.07,131.15,25.7276
2020-01-01 12:36:00,131.15,131.21,131.13,131.21,33.33009
2020-01-01 12:37:00,131.23,131.27,131.16,131.27,45.50795
2020-01-01 12:38:00,131.26,131.28,131.14,131.15,79.19693
2020-01-01 12:39:00,131.15,131.26,131.15,131.18,30.29659
2020-01-01 12:40:00,131.18,131.3,131.18,131.26,70.91243
2020-01-01 12:41:00,131.3,131.3,131.18,131.26,115.03695
2020-01-01 12:42:00,131.27,131.27,131.15,131.18,45.26263
2020-01-01 12:43:00,131.21,131.36,131.18,131.34,52.70339
2020-01-01 12:44:00,131.35,131.37,131.25,131.25,62.78774
2020-01-01 12:45:00,131.26,131.29,131.19,131.25,109.51874
2020-01-01 12:46:00,131.25,131.25,131.2,131.22,14.30626
2020-01-01 12:47:00,131.21,131.22,131.19,131.21,8.31738
2020-01-01 12:48:00,131.21,131.28,131.21,131.28,44.28618
2020-01-01 12:49:00,131.28,131.46,131.28,131.37,343.50477
2020-01-01 12:50:00,131.38,131.38,131.26,131.3,22.30914
2020-01-01 12:51:00,131.32,131.4,131.32,131.39,9.45648
2020-01-01 12:52:00,131.39,131.39,131.33,131.37,14.058
2020-01-01 12:53:00,131.36,131.36,131.31,131.33,7.41816
2020-01-01 12:54:00,131.3,131.43,131.29,131.43,74.10984
2020-01-01 12:55:00,131.43,131.48,131.4,131.44,94.04228
2020-01-01 12:56:00,131.43,131.47,131.43,131.46,32.81295
2020-01-01 12:57:00,131.47,131.48,131.47,131.48,54.22856
2020-01-01 12:58:00,131.48,131.56,131.48,131.53,222.14648
2020-01-01 12:59:00,131.55,131.61,131.53,131.61,85.6773
2020-01-01 13:00:00,131.6,131.74,131.59,131.73,401.46809
2020-01-01 13:01:00,131.75,131.9,131.72,131.86,723.98059
2020-01-01 13:02:00,131.86,131.87,131.64,131.65,279.9724
2020-01-01 13:03:00,131.64,131.72,131.63,131.72,17.21727
2020-01-01 13:04:00,131.7,131.73,131.67,131.68,102.99506
2020-01-01 13:05:00,131.69,131.8,131.68,131.72,190.57585
2020-01-01 13:06:00,131.75,131.78,131.67,131.67,61.53464
2020-01-01 13:07:00,131.7,131.71,131.59,131.6,253.0447
2020-01-01 13:08:00,131.59,131.72,131.59,131.65,199.78018
2020-01-01 13:09:00,131.64,131.64,131.48,131.56,149.64581
2020-01-01 13:10:00,131.56,131.59,131.53,131.58,51.86476
2020-01-01 13:11:00,131.58,131.59,131.51,131.59,147.22671
2020-01-01 13:12:00,131.56,131.58,131.46,131.48,412.16246
2020-01-01 13:13:00,131.48,131.58,131.46,131.55,361.05226
2020-01-01 13:14:00,131.55,131.57,131.5,131.5,80.72534
2020-01-01 13:15:00,131.55,131.59,131.48,131.5,194.34433
2020-01-01 13:16:00,131.47,131.49,131.39,131.39,49.14867
2020-01-01 13:17:00,131.43,131.44,131.37,131.39,160.92836
2020-01-01 13:18:00,131.4,131.44,131.33,131.34,572.15902
2020-01-01 13:19:00,131.33,131.33,131.28,131.3,16.22854
2020-01-01 13:20:00,131.3,131.47,131.28,131.43,515.2268
2020-01-01 13:21:00,131.38,131.43,131.36,131.36,47.72533
2020-01-01 13:22:00,131.4,131.42,131.33,131.39,79.08643
2020-01-01 13:23:00,131.38,131.46,131.37,131.42,33.51083
2020-01-01 13:24:00,131.42,131.49,131.41,131.45,46.86961
2020-01-01 13:25:00,131.44,131.5,131.44,131.44,119.03596
2020-01-01 13:26:00,131.41,131.5,131.4,131.5,11.63668
2020-01-01 13:27:00,131.47,131.49,131.45,131.47,3.10492
2020-01-01 13:28:00,131.47,131.5,131.42,131.5,4.94996
2020-01-01 13:29:00,131.46,131.5,131.41,131.46,11.22401
2020-01-01 13:30:00,131.43,131.5,131.39,131.5,60.57692
2020-01-01 13:31:00,131.49,131.5,131.43,131.47,38.2203
2020-01-01 13:32:00,131.47,131.51,131.42,131.5,38.06982
2020-01-01 13:33:00,131.49,131.56,131.48,131.56,38.50689
2020-01-01 13:34:00,131.56,131.62,131.51,131.57,64.7006
2020-01-01 13:35:00,131.63,131.68,131.57,131.68,159.39405
2020-01-01 13:36:00,131.64,131.67,131.59,131.59,59.22396
2020-01-01 13:37:00,131.64,131.67,131.63,131.66,27.38453
2020-01-01 13:38:00,131.66,131.66,131.6,131.62,30.40167
2020-01-01 13:39:00,131.68,131.69,131.64,131.65,9.15839
2020-01-01 13:40:00,131.66,131.67,131.63,131.67,31.99644
2020-01-01 13:41:00,131.65,131.72,131.64,131.68,253.89716
2020-01-01 13:42:00,131.68,131.73,131.6,131.6,55.81708
2020-01-01 13:43:00,131.62,131.62,131.53,131.58,48.98147
2020-01-01 13:44:00,131.59,131.69,131.56,131.68,71.14787
2020-01-01 13:45:00,131.66,131.7,131.63,131.7,6.22134
2020-01-01 13:46:00,131.7,131.7,131.6,131.6,28.99428
2020-01-01 13:47:00,131.61,131.69,131.6,131.67,6.89751
2020-01-01 13:48:00,131.65,131.66,131.63,131.66,1.83106
2020-01-01 13:49:00,131.66,131.66,131.6,131.65,19.65761
2020-01-01 13:50:00,131.65,131.7,131.62,131.66,95.66572
2020-01-01 13:51:00,131.7,131.7,131.65,131.69,26.24917
2020-01-01 13:52:00,131.69,131.7,131.63,131.69,58.08163
2020-01-01 13:53:00,131.69,131.71,131.64,131.67,73.63089
2020-01-01 13:54:00,131.71,131.75,131.7,131.72,63.55319
2020-01-01 13:55:00,131.75,131.86,131.74,131.82,250.73472
2020-01-01 13:56:00,131.85,131.88,131.68,131.7,101.27467
2020-01-01 13:57:00,131.72,131.73,131.7,131.73,28.14468
2020-01-01 13:58:00,131.73,131.73,131.59,131.59,85.15364
2020-01-01 13:59:00,131.59,131.68,131.59,131.68,28.66019
2020-01-01 14:00:00,131.66,131.7,131.61,131.61,454.9776
2020-01-01 14:01:00,131.6,131.6,131.34,131.37,212.497
2020-01-01 14:02:00,131.37,131.42,131.34,131.37,15.24002
2020-01-01 14:03:00,131.4,131.4,131.36,131.4,29.53639
2020-01-01 14:04:00,131.41,131.44,131.4,131.43,9.45658
2020-01-01 14:05:00,131.43,131.44,131.25,131.25,153.66999
2020-01-01 14:06:00,131.3,131.33,131.25,131.3,23.30044
2020-01-01 14:07:00,131.3,131.32,131.24,131.32,46.73881
2020-01-01 14:08:00,131.32,131.35,131.31,131.31,6.67385
2020-01-01 14:09:00,131.35,131.5,131.34,131.48,192.39782
2020-01-01 14:10:00,131.48,131.48,131.42,131.44,22.07421
2020-01-01 14:11:00,131.44,131.45,131.4,131.41,51.31275
2020-01-01 14:12:00,131.43,131.44,131.36,131.38,31.28454
2020-01-01 14:13:00,131.38,131.44,131.37,131.43,134.08746
2020-01-01 14:14:00,131.43,131.65,131.43,131.63,161.40555
2020-01-01 14:15:00,131.64,131.74,131.6,131.74,108.85856
2020-01-01 14:16:00,131.74,131.89,131.74,131.82,584.24489
2020-01-01 14:17:00,131.84,131.84,131.69,131.73,223.52777
2020-01-01 14:18:00,131.77,131.79,131.73,131.79,26.25
2020-01-01 14:19:00,131.79,131.89,131.79,131.86,64.11764
2020-01-01 14:20:00,131.87,131.96,131.86,131.94,110.96556
2020-01-01 14:21:00,131.97,132.23,131.92,132.21,849.31753
2020-01-01 14:22:00,132.23,132.23,131.98,132.12,366.92146
2020-01-01 14:23:00,132.16,132.17,132.1,132.1,110.70782
2020-01-01 14:24:00,132.1,132.1,131.9,131.96,255.70599
2020-01-01 14:25:00,131.96,132.02,131.92,131.99,49.40195
2020-01-01 14:26:00,131.99,132.05,131.98,131.98,18.662
2020-01-01 14:27:00,132.02,132.02,131.97,132.02,42.72113
2020-01-01 14:28:00,132.02,132.02,131.98,131.99,15.98613
2020-01-01 14:29:00,132.0,132.2,132.0,132.2,69.23791
2020-01-01 14:30:00,132.2,132.25,132.16,132.2,143.65953
2020-01-01 14:31:00,132.21,132.22,131.88,131.88,625.81512
2020-01-01 14:32:00,131.9,132.14,131.87,132.14,52.51835
2020-01-01 14:33:00,132.15,132.2,132.06,132.09,209.78374
2020-01-01 14:34:00,132.1,132.21,132.07,132.2,36.71474
2020-01-01 14:35:00,132.18,132.37,132.18,132.21,293.8445
2020-01-01 14:36:00,132.19,132.21,132.06,132.09,24.98665
2020-01-01 14:37:00,132.09,132.24,132.09,132.21,15.37136
2020-01-01 14:38:00,132.21,132.21,132.02,132.08,59.81875
2020-01-01 14:39:00,132.09,132.1,132.07,132.08,21.07016
2020-01-01 14:40:00,132.08,132.18,132.08,132.13,13.65615
2020-01-01 14:41:00,132.18,132.28,132.11,132.16,79.50699
2020-01-01 14:42:00,132.14,132.16,131.98,132.07,300.41152
2020-01-01 14:43:00,132.06,132.07,131.98,132.04,24.99956
2020-01-01 14:44:00,132.05,132.09,132.04,132.06,44.16633
2020-01-01 14:45:00,132.08,132.08,131.9,131.92,62.45144
2020-01-01 14:46:00,131.93,131.98,131.91,131.94,51.77605
2020-01-01 14:47:00,131.97,132.05,131.94,132.03,208.43748
2020-01-01 14:48:00,132.0,132.05,131.95,131.95,61.54699
2020-01-01 14:49:00,131.96,131.96,131.88,131.88,102.38685
2020-01-01 14:50:00,131.92,131.92,131.87,131.87,27.59702
2020-01-01 14:51:00,131.9,131.93,131.87,131.93,23.3751
2020-01-01 14:52:00,131.93,131.93,131.87,131.9,15.35057
2020-01-01 14:53:00,131.9,131.93,131.89,131.93,3.6558
2020-01-01 14:54:00,131.93,131.97,131.93,131.97,116.0817
2020-01-01 14:55:00,131.96,131.98,131.93,131.96,61.28548
2020-01-01 14:56:00,131.96,131.96,131.84,131.88,52.7417
2020-01-01 14:57:00,131.86,131.89,131.82,131.84,96.07491
2020-01-01 14:58:00,131.84,131.89,131.84,131.88,9.68743
2020-01-01 14:59:00,131.85,131.96,131.85,131.96,45.2063
2020-01-01 15:00:00,131.95,131.98,131.93,131.98,44.96153
